,Neighborhood,City,Community,ï»¿Total population,Total population - Share,White,White - Share,Of Color,Of Color - Share,Black or African American,Black or African American - Share,American Indian and Alaska Native,American Indian and Alaska Native - Share,Asian or Pacific Islander,Asian or Pacific Islander - Share,Other race,Other race - Share,Two or more races,Two or more races - Share,Hispanic or Latino,Hispanic or Latino - Share,Total housing units,Total housing units - Share,Family households,Family households - Share,With children under 18 years,With children under 18 years - Share,With children under 18 years.1,With children under 18 years - Share.1,Nonfamily households,Nonfamily households - Share,Vacant housing units,Vacant housing units - Share,Occupied housing units,Occupied housing units - Share,Owner-occupied,Owner-occupied - Share,Renter-occupied,Renter-occupied - Share,Total Employed Workers,Total Employed Workers - Share,Worker Age 29 or younger,Worker Age 29 or younger - Share,Worker Age 30 to 54,Worker Age 30 to 54 - Share,Worker Age 55 or older,Worker Age 55 or older - Share,Workers $15000 per year or less,Workers $15000 per year or less - Share,Workers $15001 to $39999 per year,Workers $15001 to $39999 per year - Share,Workers $40000 or more per year,Workers $40000 or more per year - Share,Agriculture; forestry; fishing and hunting,Agriculture; forestry; fishing and hunting - Share,Mining; quarrying; and oil and gas extraction,Mining; quarrying; and oil and gas extraction - Share,Utilities,Utilities - Share,Construction,Construction - Share,Manufacturing,Manufacturing - Share,Wholesale trade,Wholesale trade - Share,Retail trade,Retail trade - Share,Transportation and warehousing,Transportation and warehousing - Share,Information,Information - Share,Finance and insurance,Finance and insurance - Share,Real estate and rental and leasing,Real estate and rental and leasing - Share,Professional; scientific; and technical services,Professional; scientific; and technical services - Share,Management of companies and enterprises,Management of companies and enterprises - Share,Administration & supports; waste management; and remediation,Administration & supports; waste management; and remediation - Share,Educational Services,Educational Services - Share,Health care and social assistance,Health care and social assistance - Share,Arts; entertainment; and recreation,Arts; entertainment; and recreation - Share,Accommodation and food services,Accommodation and food services - Share,Other services (excluding public administration),Other services (excluding public administration) - Share,Public administration,Public administration - Share,Workers White alone,Workers White alone - Share,Workers Black or African American alone,Workers Black or African American alone - Share,Workers American Indian or Alaska Native alone,Workers American Indian or Alaska Native alone - Share,Workers Asian alone,Workers Asian alone - Share,Workers Native Hawaiian or Other Pacific Islander alone,Workers Native Hawaiian or Other Pacific Islander alone - Share,Workers Two or more race,Workers Two or more race - Share,Workers Not Hispanic or Latino,Workers Not Hispanic or Latino - Share,Workers Hispanic or Latino,Workers Hispanic or Latino - Share,Workers less than high school,Workers less than high school - Share,Workers high school or equivalent  (no college),Workers high school or equivalent (no college) - Share,Workers some college or associates degree,Workers some college or associates degree (Share),Workers bachelor's degree or advanced degree,Workers bachelor's degree or advanced degree - Share,Workers Male,Workers Male - Share,Workers Female,Workers Female - Share
0,Armatage,Minneapolis,Southwest,5101,100%,4316,84.60%,784,15.40%,186,3.60%,0,0%,279,5.50%,129,2.50%,191,3.70%,230,4.50%,2194,100%,1350,66.20%,757,37.10%,619,30.40%,689,33.80%,155,7.10%,2039,92.90%,1754,79.90%,285,13.00%,2898,100%,482,16.60%,1855,64.00%,561,19.40%,489,16.90%,497,17.10%,1912,66.00%,9,0.30%,1,0.00%,6,0.20%,68,2.40%,164,5.70%,142,4.90%,227,7.80%,58,2.00%,95,3.30%,256,8.80%,42,1.40%,338,11.70%,181,6.20%,125,4.30%,318,11.00%,393,13.60%,69,2.40%,188,6.50%,95,3.30%,121,4.20%,2589,89.30%,128,4.40%,12,0.40%,107,3.70%,3,0.10%,60,2.10%,2804,96.80%,94,3.20%,155,5.30%,505,17.40%,764,26.40%,992,34.20%,1410,48.60%,1488,51.40%
1,Audubon Park,Minneapolis,Northeast,4421,100%,3474,78.60%,947,21.40%,323,7.30%,57,1.30%,98,2.20%,208,4.70%,261,5.90%,417,9.40%,1971,100%,978,50.40%,450,23.20%,303,15.60%,961,49.60%,33,1.70%,1938,98.30%,1314,66.70%,624,31.60%,2783,100%,740,26.60%,1573,56.50%,470,16.90%,574,20.60%,733,26.30%,1477,53.10%,2,0.10%,0,0%,10,0.30%,79,2.80%,209,7.50%,102,3.70%,258,9.30%,75,2.70%,70,2.50%,167,6.00%,51,1.80%,277,9.90%,118,4.20%,132,4.70%,281,10.10%,406,14.60%,70,2.50%,263,9.40%,102,3.70%,112,4.00%,2415,86.80%,164,5.90%,32,1.10%,110,4.00%,1,0.00%,62,2.20%,2650,95.20%,133,4.80%,178,6.40%,484,17.40%,683,24.50%,699,25.10%,1393,50.10%,1390,49.90%
2,Bancroft,Minneapolis,Powderhorn,3609,100%,2649,73.40%,960,26.60%,412,11.40%,55,1.50%,74,2.00%,131,3.60%,287,8.00%,526,14.60%,1556,100%,834,55.70%,468,31.30%,368,24.60%,663,44.30%,59,3.80%,1497,96.20%,1090,70.10%,406,26.10%,2133,100%,461,21.60%,1269,59.50%,403,18.90%,488,22.90%,605,28.40%,1039,48.70%,2,0.10%,0,0%,9,0.40%,50,2.30%,115,5.40%,89,4.20%,193,9.10%,48,2.30%,62,2.90%,121,5.70%,38,1.80%,184,8.60%,83,3.90%,132,6.20%,240,11.30%,355,16.70%,46,2.20%,197,9.20%,80,3.80%,89,4.20%,1721,80.70%,243,11.40%,28,1.30%,93,4.40%,1,0.10%,47,2.20%,1971,92.40%,161,7.60%,162,7.60%,386,18.10%,521,24.40%,602,28.20%,991,46.50%,1142,53.50%
79,Beltrami,Minneapolis,Northeast,979,100%,596,60.90%,439,44.80%,152,15.60%,42,4.30%,53,5.40%,77,7.90%,59,6.00%,161,16.50%,417,100%,200,55.10%,42,23.90%,65,34.40%,101,27.80%,54,12.90%,363,87.10%,468,47.90%,0,0%,634,100%,244,38.40%,313,49.30%,78,12.30%,155,24.40%,230,36.20%,250,39.50%,1,0.10%,0,0%,1,0.20%,14,2.20%,45,7.20%,16,2.60%,55,8.70%,10,1.60%,22,3.50%,36,5.60%,11,1.80%,55,8.70%,24,3.80%,49,7.80%,62,9.70%,102,16.10%,13,2.10%,80,12.60%,24,3.90%,13,2.10%,493,77.70%,66,10.40%,13,2.00%,39,6.10%,0,0%,24,3.80%,565,89.10%,69,10.90%,47,7.50%,95,15.00%,128,20.20%,120,18.90%,335,52.80%,299,47.20%
90,Bottineau,Minneapolis,Northeast,1669,100%,867,51.90%,862,51.60%,511,30.60%,38,2.30%,51,3.10%,124,7.50%,77,4.60%,221,13.20%,778,100%,340,49.80%,57,19.80%,154,39.10%,159,23.20%,95,12.20%,683,87.80%,630,37.80%,0,0%,913,100%,326,35.70%,484,53.00%,103,11.30%,257,28.10%,302,33.10%,354,38.80%,1,0.20%,0,0%,4,0.50%,24,2.70%,81,8.80%,29,3.20%,77,8.50%,34,3.70%,13,1.40%,45,4.90%,14,1.60%,71,7.80%,29,3.10%,64,7.00%,74,8.10%,173,19.00%,27,3.00%,104,11.40%,30,3.30%,19,2.00%,680,74.50%,169,18.60%,13,1.40%,31,3.40%,4,0.40%,15,1.60%,839,91.90%,74,8.10%,76,8.40%,146,16.10%,186,20.40%,178,19.50%,425,46.60%,487,53.40%
99,Bryant,Minneapolis,Powderhorn,2867,100%,977,34.10%,2166,75.60%,924,32.20%,66,2.30%,88,3.10%,642,22.40%,170,5.90%,1006,35.10%,994,100%,569,63.30%,180,33.90%,208,56.20%,282,31.40%,95,9.50%,899,90.50%,1530,53.80%,0,0%,1493,100%,423,28.30%,883,59.20%,187,12.50%,381,25.50%,546,36.60%,566,37.90%,8,0.60%,0,0%,4,0.30%,44,2.90%,84,5.60%,53,3.60%,116,7.80%,55,3.70%,28,1.90%,76,5.10%,20,1.40%,100,6.70%,52,3.50%,118,7.90%,122,8.20%,286,19.20%,29,2.00%,187,12.50%,65,4.40%,44,2.90%,955,64.00%,387,25.90%,13,0.90%,86,5.70%,1,0.10%,50,3.40%,1290,86.40%,203,13.60%,136,9.10%,262,17.60%,327,21.90%,345,23.10%,713,47.80%,779,52.20%
86,Bryn-Mawr,Minneapolis,Calhoun-Isles,2651,100%,2419,91.20%,281,10.60%,56,2.10%,8,0.30%,81,3.10%,18,0.70%,69,2.60%,75,2.80%,1266,100%,646,52.90%,250,24.20%,25,13.30%,104,8.50%,45,3.60%,1221,96.40%,2232,86.00%,0,0%,1605,100%,216,13.50%,943,58.80%,446,27.80%,254,15.80%,261,16.30%,1090,67.90%,0,0%,0,0%,3,0.20%,51,3.20%,118,7.40%,79,4.90%,102,6.40%,18,1.10%,51,3.20%,151,9.40%,38,2.40%,211,13.10%,95,5.90%,75,4.70%,155,9.70%,207,12.90%,36,2.20%,102,6.40%,46,2.90%,67,4.20%,1440,89.70%,65,4.00%,8,0.50%,56,3.50%,2,0.10%,34,2.10%,1554,96.80%,51,3.20%,84,5.20%,291,18.10%,432,26.90%,582,36.30%,833,51.90%,772,48.10%
4,Cedar Riverside,Minneapolis,University,10065,100%,3219,32.00%,6846,68.00%,5146,51.10%,36,0.40%,1156,11.50%,112,1.10%,396,3.90%,270,2.70%,3571,100%,1184,34.90%,733,21.60%,337,9.90%,2208,65.10%,179,5.00%,3392,95.00%,375,10.50%,3017,84.50%,2869,100%,1090,38.00%,1409,49.10%,370,12.90%,1052,36.70%,1207,42.10%,610,21.30%,2,0.10%,1,0.00%,5,0.20%,41,1.40%,142,4.90%,52,1.80%,243,8.50%,157,5.50%,41,1.40%,85,3.00%,37,1.30%,126,4.40%,69,2.40%,291,10.10%,327,11.40%,742,25.90%,47,1.60%,344,12.00%,69,2.40%,48,1.70%,1069,37.30%,1431,49.90%,21,0.70%,290,10.10%,4,0.10%,54,1.90%,2729,95.10%,140,4.90%,241,8.40%,499,17.40%,572,19.90%,467,16.30%,1383,48.20%,1486,51.80%
5,Cedar-Isles-Dean,Minneapolis,Calhoun-Isles,3377,100%,3093,91.60%,284,8.40%,38,1.10%,6,0.20%,141,4.20%,33,1.00%,55,1.60%,61,1.80%,1993,100%,802,46.40%,240,13.90%,218,12.60%,927,53.60%,264,13.30%,1729,86.70%,938,47.10%,791,39.70%,1672,100%,412,24.60%,847,50.60%,414,24.70%,248,14.90%,277,16.60%,1147,68.60%,2,0.10%,0,0%,2,0.10%,40,2.40%,85,5.10%,75,4.50%,95,5.70%,25,1.50%,49,2.90%,165,9.90%,32,1.90%,237,14.10%,106,6.30%,87,5.20%,186,11.10%,244,14.60%,46,2.80%,92,5.50%,58,3.50%,46,2.80%,1514,90.50%,52,3.10%,6,0.30%,73,4.40%,2,0.10%,26,1.60%,1622,97.00%,51,3.00%,83,5.00%,256,15.30%,379,22.60%,543,32.50%,868,51.90%,805,48.10%
6,Central,Minneapolis,Powderhorn,8282,100%,3590,43.30%,4692,56.70%,2124,25.60%,110,1.30%,195,2.30%,1746,21.10%,517,6.20%,3215,38.80%,2546,100%,1556,64.40%,1017,42.10%,574,23.70%,861,35.60%,128,5.00%,2418,95.00%,1142,44.80%,1276,50.10%,3786,100%,1243,32.80%,2069,54.60%,474,12.50%,1155,30.50%,1460,38.60%,1171,30.90%,11,0.30%,1,0.00%,5,0.10%,97,2.60%,243,6.40%,112,3.00%,326,8.60%,112,3.00%,67,1.80%,144,3.80%,54,1.40%,227,6.00%,98,2.60%,369,9.70%,337,8.90%,767,20.30%,87,2.30%,468,12.40%,159,4.20%,102,2.70%,2417,63.80%,989,26.10%,56,1.50%,197,5.20%,5,0.10%,123,3.20%,3161,83.50%,625,16.50%,370,9.80%,626,16.50%,803,21.20%,744,19.70%,1905,50.30%,1881,49.70%
74,Cleveland,Minneapolis,Camden,3025,100%,1599,52.90%,1497,49.50%,890,29.40%,38,1.30%,227,7.50%,122,4.00%,149,4.90%,206,6.80%,1289,100%,667,57.50%,257,27.70%,137,59.10%,287,24.80%,130,10.10%,1159,89.90%,2240,74.10%,0,0%,1823,100%,386,21.20%,1128,61.90%,309,17.00%,470,25.80%,591,32.40%,762,41.80%,1,0.10%,0,0%,4,0.20%,56,3.10%,129,7.10%,71,3.90%,135,7.40%,49,2.70%,30,1.60%,88,4.80%,27,1.50%,129,7.10%,41,2.20%,142,7.80%,181,9.90%,405,22.20%,42,2.30%,156,8.60%,56,3.10%,81,4.40%,1164,63.90%,474,26.00%,21,1.20%,107,5.90%,0,0%,57,3.10%,1707,93.60%,116,6.40%,163,8.90%,353,19.40%,467,25.60%,454,24.90%,850,46.60%,973,53.40%
85,Columbia Park,Minneapolis,Northeast,1832,100%,1419,77.50%,472,25.80%,158,8.60%,30,1.60%,66,3.60%,70,3.80%,88,4.80%,149,8.10%,866,100%,409,50.90%,140,23.50%,60,28.30%,140,17.30%,61,7.00%,805,93.00%,1324,73.40%,0,0%,1092,100%,289,26.50%,620,56.80%,183,16.80%,228,20.90%,294,26.90%,570,52.20%,1,0.10%,0,0%,3,0.30%,36,3.30%,97,8.90%,45,4.10%,82,7.50%,29,2.70%,31,2.80%,66,6.00%,15,1.40%,99,9.10%,49,4.50%,56,5.10%,98,8.90%,174,15.90%,23,2.10%,98,9.00%,42,3.80%,48,4.40%,927,85.00%,79,7.20%,12,1.10%,45,4.10%,1,0.10%,28,2.60%,1034,94.70%,58,5.30%,65,6.00%,195,17.90%,255,23.40%,287,26.30%,529,48.50%,562,51.50%
7,Como (Minneapolis),Minneapolis,University,15016,100%,11214,74.70%,3802,25.30%,1162,7.70%,131,0.90%,1997,13.30%,97,0.60%,415,2.80%,754,5.00%,6486,100%,2483,40.50%,1094,17.80%,781,12.70%,3650,59.50%,353,5.40%,6133,94.60%,2230,34.40%,3904,60.20%,7521,100%,3032,40.30%,3279,43.60%,1210,16.10%,1999,26.60%,2406,32.00%,3116,41.40%,11,0.10%,1,0.00%,27,0.40%,152,2.00%,432,5.70%,245,3.30%,595,7.90%,194,2.60%,165,2.20%,347,4.60%,105,1.40%,522,6.90%,287,3.80%,416,5.50%,1579,21.00%,1128,15.00%,152,2.00%,667,8.90%,237,3.20%,258,3.40%,5772,76.70%,676,9.00%,64,0.90%,805,10.70%,2,0.00%,204,2.70%,7146,95.00%,376,5.00%,404,5.40%,972,12.90%,1379,18.30%,1734,23.10%,4009,53.30%,3512,46.70%
9,Cooper,Minneapolis,Longfellow,10146,100%,8997,88.70%,1149,11.30%,111,1.10%,32,0.30%,370,3.60%,361,3.60%,276,2.70%,579,5.70%,4514,100%,2470,56.50%,1058,24.20%,916,21.00%,1901,43.50%,143,3.20%,4371,96.80%,3043,67.40%,1328,29.40%,5247,100%,978,18.60%,2887,55.00%,1382,26.30%,1006,19.20%,1066,20.30%,3175,60.50%,14,0.30%,0,0%,30,0.60%,129,2.50%,324,6.20%,150,2.90%,353,6.70%,118,2.20%,167,3.20%,358,6.80%,106,2.00%,523,10.00%,304,5.80%,209,4.00%,813,15.50%,733,14.00%,112,2.10%,376,7.20%,169,3.20%,262,5.00%,4739,90.30%,199,3.80%,33,0.60%,174,3.30%,4,0.10%,99,1.90%,5035,96.00%,212,4.00%,312,5.90%,906,17.30%,1282,24.40%,1769,33.70%,2521,48.00%,2727,52.00%
10,Corcoran,Minneapolis,Powderhorn,4334,100%,2753,63.50%,1581,36.50%,733,16.90%,126,2.90%,107,2.50%,364,8.40%,235,5.40%,959,22.10%,1700,100%,850,52.80%,482,29.90%,234,14.50%,761,47.20%,88,5.20%,1612,94.80%,995,58.50%,617,36.30%,2081,100%,523,25.10%,1219,58.60%,339,16.30%,543,26.10%,651,31.30%,887,42.60%,8,0.40%,1,0.00%,8,0.40%,50,2.40%,105,5.10%,80,3.90%,190,9.10%,51,2.40%,51,2.50%,113,5.40%,36,1.70%,164,7.90%,58,2.80%,146,7.00%,206,9.90%,345,16.60%,65,3.10%,228,10.90%,82,4.00%,95,4.60%,1573,75.60%,281,13.50%,47,2.30%,106,5.10%,4,0.20%,70,3.40%,1860,89.40%,221,10.60%,168,8.10%,390,18.70%,492,23.70%,508,24.40%,1014,48.70%,1067,51.30%
12,Diamond Lake,Minneapolis,Nokomis,7543,100%,5514,73.10%,2029,26.90%,991,13.10%,0,0%,219,2.90%,387,5.10%,432,5.70%,702,9.30%,2952,100%,1843,65.70%,1091,38.90%,873,31.10%,964,34.30%,145,4.90%,2807,95.10%,2082,70.50%,725,24.60%,4065,100%,889,21.90%,2317,57.00%,859,21.10%,877,21.60%,987,24.30%,2201,54.10%,8,0.20%,1,0.00%,9,0.20%,98,2.40%,227,5.60%,165,4.10%,338,8.30%,98,2.40%,101,2.50%,290,7.10%,74,1.80%,391,9.60%,215,5.30%,239,5.90%,376,9.20%,674,16.60%,80,2.00%,375,9.20%,149,3.70%,158,3.90%,3285,80.80%,522,12.90%,33,0.80%,137,3.40%,7,0.20%,82,2.00%,3804,93.60%,261,6.40%,270,6.60%,714,17.60%,1067,26.20%,1125,27.70%,1970,48.50%,2095,51.50%
77,Downtown East,Minneapolis,Central,1271,100%,836,65.70%,466,36.70%,240,18.90%,22,1.70%,128,10.10%,13,1.00%,32,2.60%,48,3.80%,836,100%,171,24.10%,15,4.40%,15,4.30%,28,3.90%,123,14.70%,712,85.30%,520,51.10%,0,0%,1010,100%,300,29.70%,538,53.30%,172,17.10%,147,14.60%,137,13.60%,725,71.80%,0,0.00%,0,0.00%,7,0.70%,18,1.70%,47,4.60%,43,4.30%,45,4.40%,14,1.40%,33,3.30%,115,11.30%,16,1.60%,199,19.70%,86,8.50%,52,5.20%,91,9.00%,102,10.10%,28,2.80%,67,6.70%,22,2.20%,24,2.40%,763,75.60%,76,7.50%,7,0.70%,145,14.40%,0,0.00%,19,1.90%,965,95.50%,45,4.50%,53,5.20%,139,13.80%,192,19.00%,326,32.30%,574,56.80%,436,43.20%
14,Downtown West,Minneapolis,Central,7885,100%,4738,60.10%,3147,39.90%,1753,22.20%,171,2.20%,884,11.20%,35,0.40%,298,3.80%,273,3.50%,4804,100%,1239,29.80%,190,4.60%,152,3.70%,2914,70.20%,651,13.60%,4153,86.40%,1263,26.30%,2890,60.10%,4271,100%,1432,33.50%,2163,50.60%,676,15.80%,627,14.70%,672,15.70%,2973,69.60%,3,0.10%,2,0.00%,24,0.60%,77,1.80%,211,4.90%,157,3.70%,193,4.50%,71,1.70%,152,3.60%,483,11.30%,64,1.50%,838,19.60%,354,8.30%,238,5.60%,343,8.00%,431,10.10%,128,3.00%,303,7.10%,95,2.20%,105,2.40%,3147,73.70%,371,8.70%,26,0.60%,628,14.70%,3,0.10%,96,2.20%,4071,95.30%,200,4.70%,218,5.10%,561,13.10%,776,18.20%,1284,30.10%,2458,57.60%,1813,42.40%
15,East Harriet,Minneapolis,Southwest,3427,100%,2957,86.30%,470,13.70%,87,2.50%,17,0.50%,93,2.70%,68,2.00%,205,6.00%,149,4.40%,1586,100%,801,54.30%,410,27.80%,298,20.20%,674,45.70%,112,7.00%,1475,93.00%,873,55.00%,602,37.90%,1931,100%,456,23.60%,1091,56.50%,383,19.80%,343,17.80%,385,19.90%,1203,62.30%,2,0.10%,0,0%,7,0.30%,49,2.50%,112,5.80%,73,3.80%,133,6.90%,38,2.00%,58,3.00%,146,7.60%,40,2.10%,238,12.30%,105,5.40%,100,5.20%,224,11.60%,284,14.70%,43,2.20%,146,7.60%,70,3.60%,65,3.30%,1700,88.10%,93,4.80%,7,0.30%,79,4.10%,1,0.10%,51,2.70%,1859,96.30%,71,3.70%,105,5.50%,325,16.80%,464,24.00%,580,30.00%,943,48.80%,987,51.20%
16,East Isles,Minneapolis,Calhoun-Isles,3790,100%,3371,89.00%,418,11.00%,25,0.60%,16,0.40%,105,2.80%,67,1.80%,205,5.40%,132,3.50%,2030,100%,741,39.30%,281,14.90%,239,12.70%,1142,60.70%,147,7.30%,1882,92.70%,843,41.50%,1039,51.20%,1995,100%,713,35.70%,959,48.10%,323,16.20%,367,18.40%,444,22.20%,1185,59.40%,1,0.10%,0,0%,3,0.20%,51,2.50%,111,5.60%,76,3.80%,146,7.30%,33,1.70%,65,3.30%,183,9.20%,33,1.70%,228,11.40%,120,6.00%,89,4.50%,247,12.40%,262,13.10%,51,2.50%,176,8.80%,81,4.10%,39,2.00%,1745,87.40%,76,3.80%,6,0.30%,121,6.10%,2,0.10%,44,2.20%,1925,96.50%,71,3.50%,92,4.60%,249,12.50%,416,20.90%,525,26.30%,985,49.40%,1010,50.60%
94,East Phillips,Minneapolis,Phillips,4269,100%,1193,27.90%,3560,83.40%,889,20.80%,938,22.00%,135,3.20%,849,19.90%,265,6.20%,1621,38.00%,1284,100%,780,68.40%,143,40.30%,447,56.90%,451,39.50%,143,11.10%,1141,88.90%,1284,31.30%,0,0%,1571,100%,517,32.90%,824,52.50%,230,14.60%,491,31.30%,708,45.10%,372,23.70%,8,0.50%,0,0%,4,0.30%,30,1.90%,94,6.00%,48,3.10%,139,8.80%,65,4.10%,20,1.30%,51,3.20%,21,1.30%,58,3.70%,35,2.20%,188,12.00%,104,6.60%,340,21.60%,39,2.50%,212,13.50%,60,3.80%,55,3.50%,823,52.40%,464,29.50%,129,8.20%,117,7.40%,3,0.20%,35,2.20%,1258,80.10%,313,19.90%,173,11.00%,280,17.80%,336,21.40%,265,16.90%,815,51.90%,756,48.10%
17,East Calhoun,Minneapolis,Calhoun-Isles,2126,100%,1971,92.70%,156,7.30%,36,1.70%,16,0.70%,49,2.30%,0,0%,55,2.60%,36,1.70%,1307,100%,326,26.30%,93,7.50%,66,5.40%,913,73.70%,68,5.20%,1240,94.80%,364,27.90%,876,67.00%,1290,100%,504,39.10%,599,46.40%,187,14.50%,243,18.80%,279,21.70%,767,59.50%,3,0.20%,0,0%,3,0.20%,31,2.40%,75,5.80%,52,4.00%,84,6.50%,19,1.50%,51,3.90%,111,8.60%,18,1.40%,157,12.20%,76,5.90%,58,4.50%,139,10.80%,168,13.00%,27,2.10%,134,10.40%,45,3.50%,39,3.00%,1137,88.20%,55,4.20%,5,0.40%,58,4.50%,1,0.10%,35,2.70%,1221,94.70%,68,5.30%,55,4.20%,162,12.50%,247,19.10%,322,25%,687,53.30%,603,46.70%
18,Elliot Park,Minneapolis,Central,6429,100%,3729,58.00%,2700,42.00%,1975,30.70%,74,1.20%,366,5.70%,127,2.00%,158,2.50%,217,3.40%,3879,100%,733,21.50%,320,9.40%,112,3.30%,2674,78.50%,472,12.20%,3407,87.80%,545,14.10%,2862,73.80%,3033,100%,1044,34.40%,1537,50.70%,452,14.90%,872,28.80%,894,29.50%,1267,41.80%,4,0.10%,0,0%,11,0.40%,41,1.40%,144,4.70%,81,2.70%,222,7.30%,95,3.10%,75,2.50%,198,6.50%,48,1.60%,286,9.40%,126,4.20%,249,8.20%,231,7.60%,641,21.10%,75,2.50%,348,11.50%,82,2.70%,76,2.50%,1865,61.50%,824,27.20%,26,0.90%,228,7.50%,7,0.20%,83,2.70%,2881,95.00%,152,5.00%,232,7.60%,467,15.40%,631,20.80%,659,21.70%,1679,55.40%,1354,44.60%
19,Ericsson,Minneapolis,Nokomis,3472,100%,2955,85.10%,517,14.90%,156,4.50%,12,0.30%,96,2.80%,122,3.50%,131,3.80%,136,3.90%,1555,100%,801,52.20%,352,22.90%,258,16.80%,734,47.80%,20,1.30%,1535,98.70%,1202,77.30%,333,21.40%,1979,100%,367,18.50%,1171,59.20%,441,22.30%,341,17.20%,411,20.80%,1227,62.00%,0,0%,1,0.10%,10,0.50%,61,3.10%,120,6.10%,70,3.50%,146,7.40%,54,2.70%,58,2.90%,147,7.40%,33,1.70%,233,11.80%,101,5.10%,111,5.60%,232,11.70%,266,13.40%,43,2.20%,129,6.50%,56,2.80%,108,5.50%,1752,88.50%,92,4.60%,29,1.50%,58,2.90%,1,0.10%,47,2.40%,1854,93.70%,125,6.30%,116,5.90%,356,18.00%,497,25.10%,643,32.50%,975,49.30%,1004,50.70%
97,Field,Minneapolis,Nokomis,2696,100%,1840,68.30%,912,33.80%,481,17.80%,27,1.00%,75,2.80%,143,5.30%,131,4.80%,214,7.90%,1161,100%,669,60.60%,272,29.00%,58,35.00%,188,17.00%,57,4.90%,1104,95.10%,2256,83.90%,0,0%,1616,100%,332,20.50%,957,59.20%,327,20.30%,315,19.50%,357,22.10%,944,58.40%,2,0.10%,0,0.00%,8,0.50%,38,2.30%,86,5.30%,73,4.50%,123,7.60%,42,2.60%,52,3.20%,138,8.50%,22,1.40%,167,10.30%,86,5.30%,92,5.70%,167,10.30%,253,15.60%,27,1.70%,126,7.80%,51,3.20%,63,3.90%,1300,80.40%,202,12.50%,8,0.50%,61,3.80%,0,0.00%,45,2.80%,1549,95.90%,67,4.10%,99,6.10%,295,18.30%,395,24.40%,496,30.70%,771,47.70%,845,52.30%
20,Folwell,Minneapolis,Camden,5742,100%,1873,33%,3869,67%,2641,46%,,,912,16%,,,252,4%,332,6%,2174,100%,1066,56%,,,,,838,44%,270,12%,1903,88%,944,43%,960,44%,2705,100%,780,29%,1514,56%,411,15%,779,29%,1113,41%,812,30%,204,8%,,,,,83,3%,253,9%,94,4%,263,10%,92,3%,48,2%,104,4%,30,1%,126,5%,67,3%,,,182,7%,646,24%,48,2%,305,11%,75,3%,73,3%,,,,,,,,,,,,,,,,,,,,,,,,,,,,
22,Fulton,Minneapolis,Southwest,5810,100%,5335,91.80%,476,8.20%,129,2.20%,46,0.80%,141,2.40%,5,0.10%,155,2.70%,74,1.30%,2421,100%,1559,65.90%,848,35.80%,737,31.20%,806,34.10%,57,2.30%,2365,97.70%,2001,82.60%,364,15.00%,2864,100%,441,15.40%,1773,61.90%,650,22.70%,474,16.50%,443,15.50%,1947,68.00%,5,0.20%,0,0.00%,6,0.20%,69,2.40%,156,5.40%,135,4.70%,193,6.80%,48,1.70%,86,3.00%,279,9.70%,53,1.90%,384,13.40%,169,5.90%,131,4.60%,358,12.50%,379,13.20%,64,2.20%,170,6.00%,89,3.10%,90,3.10%,2618,91.40%,91,3.20%,10,0.40%,111,3.90%,1,0.00%,33,1.20%,2781,97.10%,83,2.90%,140,4.90%,498,17.40%,786,27.50%,999,34.90%,1402,48.90%,1462,51.10%
81,Hale,Minneapolis,Nokomis,3100,100%,2793,90.10%,348,11.20%,107,3.50%,6,0.20%,64,2.10%,31,1.00%,99,3.20%,91,2.90%,1323,100%,840,65.10%,380,33.80%,43,25.60%,140,10.80%,33,2.50%,1290,97.50%,2739,88.30%,0,0%,1822,100%,275,15.10%,1141,62.60%,407,22.30%,307,16.80%,316,17.30%,1199,65.80%,2,0.10%,1,0.00%,5,0.30%,54,2.90%,104,5.70%,114,6.20%,136,7.50%,51,2.80%,65,3.60%,160,8.80%,31,1.70%,191,10.50%,89,4.90%,77,4.20%,188,10.30%,263,14.40%,37,2.00%,115,6.30%,57,3.10%,83,4.50%,1672,91.70%,52,2.90%,8,0.50%,52,2.90%,1,0.00%,37,2.00%,1768,97.10%,54,2.90%,100,5.50%,320,17.60%,504,27.70%,624,34.20%,868,47.70%,954,52.30%
95,Harrison,Minneapolis,Near North,3211,100%,1027,32.00%,2283,71.10%,1287,40.10%,50,1.60%,557,17.30%,142,4.40%,148,4.60%,293,9.10%,1340,100%,627,52.20%,108,28.60%,336,40.70%,384,31.90%,138,10.30%,1202,89.70%,1000,32.10%,0,0%,1588,100%,479,30.20%,869,54.70%,240,15.10%,454,28.60%,669,42.10%,465,29.30%,3,0.20%,0,0%,3,0.20%,31,2.00%,128,8.10%,56,3.50%,120,7.60%,46,2.90%,26,1.60%,70,4.40%,26,1.60%,103,6.50%,34,2.10%,118,7.40%,118,7.40%,350,22.00%,46,2.90%,214,13.50%,67,4.20%,29,1.80%,863,54.30%,516,32.50%,23,1.40%,128,8.10%,5,0.30%,53,3.30%,1502,94.60%,86,5.40%,142,8.90%,285,17.90%,376,23.70%,306,19.30%,771,48.60%,817,51.40%
25,Hawthorne,Minneapolis,Near North,5480,100%,1153,21.00%,4327,79.00%,2607,47.60%,157,2.90%,1022,18.60%,315,5.70%,227,4.10%,486,8.90%,2151,100%,959,51.30%,679,36.40%,280,15.00%,910,48.70%,283,13.10%,1868,86.90%,670,31.20%,1198,55.70%,2385,100%,744,31.20%,1290,54.10%,351,14.70%,793,33.20%,978,41.00%,615,25.80%,2,0.10%,0,0%,5,0.20%,51,2.10%,229,9.60%,59,2.50%,226,9.50%,89,3.70%,45,1.90%,99,4.10%,35,1.50%,113,4.70%,45,1.90%,216,9.10%,136,5.70%,615,25.80%,37,1.50%,248,10.40%,74,3.10%,62,2.60%,858,36.00%,1040,43.60%,36,1.50%,350,14.70%,5,0.20%,97,4.10%,2191,91.80%,194,8.20%,261,10.90%,450,18.90%,502,21.00%,429,18.00%,1147,48.10%,1238,51.90%
26,Hiawatha,Minneapolis,Longfellow,4170,100%,3515,84.30%,655,15.70%,184,4.40%,29,0.70%,85,2.00%,144,3.50%,213,5.10%,168,4.00%,2085,100%,962,48.20%,351,17.60%,189,9.50%,1035,51.80%,88,4.20%,1997,95.80%,1183,56.70%,814,39.00%,2264,100%,537,23.70%,1272,56.20%,455,20.10%,484,21.40%,535,23.60%,1245,55.00%,5,0.20%,2,0.10%,12,0.50%,57,2.50%,110,4.90%,81,3.60%,151,6.70%,55,2.40%,53,2.30%,159,7.00%,48,2.10%,193,8.50%,119,5.30%,119,5.30%,316,14.00%,337,14.90%,50,2.20%,183,8.10%,90,4.00%,124,5.50%,1904,84.10%,195,8.60%,19,0.80%,88,3.90%,0,0%,58,2.60%,2185,96.50%,79,3.50%,151,6.70%,396,17.50%,511,22.60%,669,29.50%,1122,49.60%,1142,50.40%
28,Holland,Minneapolis,Northeast,4680,100%,2549,54.50%,2131,45.50%,698,14.90%,225,4.80%,99,2.10%,732,15.60%,377,8.10%,935,20.00%,1978,100%,805,44.70%,438,24.30%,207,11.50%,996,55.30%,177,8.90%,1802,91.10%,779,39.40%,1022,51.70%,2400,100%,744,31.00%,1324,55.20%,332,13.80%,622,25.90%,862,35.90%,916,38.20%,4,0.10%,0,0%,6,0.20%,74,3.10%,195,8.10%,110,4.60%,236,9.80%,71,3.00%,49,2.00%,114,4.70%,50,2.10%,149,6.20%,93,3.90%,159,6.60%,220,9.20%,418,17.40%,58,2.40%,261,10.90%,81,3.40%,52,2.20%,1877,78.20%,322,13.40%,43,1.80%,76,3.10%,3,0.10%,80,3.30%,2204,91.80%,196,8.20%,190,7.90%,428,17.80%,518,21.60%,521,21.70%,1236,51.50%,1165,48.50%
29,Howe,Minneapolis,Longfellow,6425,100%,5169,80.40%,1256,19.60%,671,10.40%,31,0.50%,157,2.40%,103,1.60%,293,4.60%,438,6.80%,3084,100%,1528,51.90%,652,22.10%,416,14.10%,1419,48.10%,137,4.40%,2947,95.60%,2193,71.10%,755,24.50%,3859,100%,758,19.60%,2212,57.30%,889,23.00%,805,20.90%,955,24.70%,2099,54.40%,4,0.10%,2,0.00%,17,0.40%,116,3.00%,211,5.50%,139,3.60%,296,7.70%,91,2.40%,89,2.30%,234,6.10%,63,1.60%,335,8.70%,158,4.10%,205,5.30%,497,12.90%,659,17.10%,100,2.60%,312,8.10%,118,3.10%,212,5.50%,3241,84.00%,361,9.40%,48,1.20%,115,3.00%,4,0.10%,90,2.30%,3665,95.00%,194,5.00%,249,6.40%,682,17.70%,1025,26.60%,1145,29.70%,1868,48.40%,1991,51.60%
30,Jordan,Minneapolis,Near North,8585,100%,1505,17.50%,7080,82.50%,3868,45.10%,37,0.40%,1759,20.50%,686,8.00%,730,8.50%,1130,13.20%,2622,100%,1648,71.10%,1261,54.40%,488,21.10%,669,28.90%,305,11.60%,2317,88.40%,1170,44.60%,1147,43.70%,3585,100%,1190,33.20%,1910,53.30%,485,13.50%,1176,32.80%,1553,43.30%,856,23.90%,2,0.10%,1,0.00%,9,0.30%,71,2.00%,355,9.90%,106,3.00%,360,10.00%,129,3.60%,47,1.30%,101,2.80%,37,1.00%,155,4.30%,63,1.80%,391,10.90%,206,5.70%,902,25.20%,63,1.80%,366,10.20%,119,3.30%,102,2.80%,1170,32.60%,1666,46.50%,47,1.30%,558,15.60%,1,0.00%,143,4.00%,3315,92.50%,270,7.50%,409,11.40%,657,18.30%,770,21.50%,559,15.60%,1723,48.10%,1862,51.90%
84,Keewaydin,Minneapolis,Nokomis,3180,100%,2762,86.80%,486,15.30%,130,4.10%,56,1.70%,64,2.00%,74,2.30%,94,3.00%,166,5.20%,1473,100%,799,56.00%,315,25.30%,53,28.90%,189,13.20%,46,3.10%,1427,96.90%,2747,86.50%,0,0%,1801,100%,342,19.00%,1107,61.40%,352,19.60%,319,17.70%,373,20.70%,1109,61.60%,3,0.20%,0,0%,5,0.30%,40,2.20%,98,5.50%,77,4.30%,144,8.00%,55,3.00%,51,2.90%,144,8.00%,22,1.20%,180,10.00%,101,5.60%,109,6.10%,177,9.80%,265,14.70%,46,2.50%,130,7.20%,61,3.40%,93,5.20%,1596,88.60%,69,3.80%,18,1.00%,79,4.40%,0,0%,39,2.10%,1738,96.50%,63,3.50%,95,5.30%,316,17.50%,482,26.80%,566,31.40%,872,48.40%,929,51.60%
31,Kenny,Minneapolis,Southwest,4256,100%,3653,85.80%,603,14.20%,154,3.60%,4,0.10%,255,6.00%,96,2.20%,94,2.20%,162,3.80%,1734,100%,1142,69.90%,643,39.30%,508,31.10%,493,30.10%,99,5.70%,1635,94.30%,1454,83.90%,181,10.40%,2364,100%,404,17.10%,1458,61.70%,502,21.20%,412,17.40%,402,17.00%,1549,65.50%,6,0.20%,1,0.00%,5,0.20%,58,2.40%,129,5.50%,104,4.40%,181,7.60%,47,2.00%,80,3.40%,221,9.30%,33,1.40%,295,12.50%,141,6.00%,111,4.70%,258,10.90%,322,13.60%,49,2.10%,150,6.30%,84,3.50%,91,3.90%,2135,90.30%,92,3.90%,10,0.40%,76,3.20%,3,0.10%,47,2.00%,2293,97.00%,71,3.00%,124,5.20%,418,17.70%,621,26.30%,797,33.70%,1136,48.10%,1228,51.90%
89,Kenwood,Minneapolis,Calhoun-Isles,900,100%,818,90.90%,100,11.10%,16,1.70%,4,0.40%,35,3.80%,6,0.70%,22,2.40%,27,3.00%,508,100%,206,45.70%,71,27.90%,14,6.90%,28,6.20%,57,11.20%,451,88.80%,581,66.80%,0,0%,435,100%,107,24.60%,220,50.60%,107,24.70%,65,14.90%,72,16.60%,298,68.60%,0,0.10%,0,0%,1,0.10%,10,2.40%,22,5.10%,20,4.50%,25,5.70%,7,1.50%,13,2.90%,43,9.90%,8,1.90%,61,14.10%,27,6.30%,23,5.20%,48,11.10%,64,14.60%,12,2.80%,24,5.50%,15,3.50%,12,2.80%,393,90.50%,13,3.10%,1,0.30%,19,4.40%,1,0.10%,7,1.60%,421,97.00%,13,3.00%,22,5.00%,66,15.30%,98,22.60%,141,32.50%,225,51.90%,209,48.10%
32,King Field,Minneapolis,Southwest,6867,100%,5727,83.40%,1139,16.60%,308,4.50%,19,0.30%,234,3.40%,275,4.00%,303,4.40%,424,6.20%,3117,100%,1584,52.40%,760,25.20%,571,18.90%,1438,47.60%,95,3.10%,3022,96.90%,1933,62.00%,1089,34.90%,4024,100%,910,22.60%,2346,58.30%,768,19.10%,786,19.50%,938,23.30%,2300,57.20%,3,0.10%,0,0.00%,15,0.40%,103,2.60%,206,5.10%,154,3.80%,307,7.60%,79,2.00%,113,2.80%,303,7.50%,78,1.90%,439,10.90%,200,5.00%,206,5.10%,480,11.90%,565,14.00%,105,2.60%,375,9.30%,157,3.90%,136,3.40%,3524,87.60%,239,5.90%,19,0.50%,139,3.50%,3,0.10%,99,2.50%,3820,94.90%,203,5.10%,244,6.10%,689,17.10%,1000,24.80%,1182,29.40%,1891,47.00%,2132,53.00%
33,Lind-Bohanon,Minneapolis,Camden,5453,100%,2330,42.70%,3123,57.30%,1525,28.00%,12,0.20%,715,13.10%,62,1.10%,809,14.80%,362,6.60%,1878,100%,977,53.70%,580,31.90%,200,11.00%,844,46.30%,57,3.00%,1821,97.00%,1163,61.90%,658,35.00%,2345,100%,619,26.40%,1327,56.60%,399,17.00%,565,24.10%,906,38.60%,874,37.30%,2,0.10%,0,0%,9,0.40%,64,2.70%,243,10.40%,95,4.10%,196,8.40%,92,3.90%,47,2.00%,93,4.00%,36,1.50%,142,6.10%,67,2.90%,196,8.40%,157,6.70%,511,21.80%,47,2.00%,204,8.70%,65,2.80%,79,3.40%,1198,51.10%,757,32.30%,24,1.00%,282,12.00%,2,0.10%,82,3.50%,2210,94.20%,135,5.80%,213,9.10%,469,20%,538,22.90%,506,21.60%,1071,45.70%,1274,54.30%
34,Linden Hills,Minneapolis,Southwest,7457,100%,6736,90.30%,721,9.70%,284,3.80%,0,0%,179,2.40%,3,0.00%,255,3.40%,110,1.50%,3492,100%,1820,54.70%,809,24.30%,680,20.50%,1507,45.30%,165,4.70%,3327,95.30%,2069,59.30%,1258,36.00%,3895,100%,885,22.70%,2162,55.50%,847,21.70%,667,17.10%,676,17.40%,2552,65.50%,3,0.10%,0,0.00%,7,0.20%,76,2.00%,239,6.10%,173,4.40%,259,6.60%,77,2.00%,122,3.10%,377,9.70%,67,1.70%,503,12.90%,238,6.10%,168,4.30%,440,11.30%,514,13.20%,87,2.20%,286,7.30%,132,3.40%,125,3.20%,3526,90.50%,131,3.40%,12,0.30%,161,4.10%,1,0.00%,63,1.60%,3779,97.00%,115,3.00%,188,4.80%,621,15.90%,930,23.90%,1271,32.60%,1869,48.00%,2025,52.00%
88,Logan Park,Minneapolis,Northeast,1942,100%,1335,68.80%,708,36.40%,228,11.70%,73,3.80%,46,2.40%,139,7.20%,120,6.20%,293,15.10%,950,100%,356,40.30%,70,22.40%,109,19.10%,148,16.80%,68,7.10%,882,92.90%,745,38.40%,0,0%,1150,100%,376,32.70%,595,51.70%,179,15.50%,258,22.40%,344,29.90%,548,47.70%,1,0.10%,1,0.10%,3,0.20%,28,2.50%,80,7.00%,43,3.70%,103,8.90%,23,2.00%,36,3.10%,70,6.10%,15,1.30%,107,9.30%,48,4.20%,67,5.80%,102,8.90%,175,15.20%,32,2.80%,124,10.80%,48,4.10%,44,3.80%,967,84.10%,96,8.30%,21,1.80%,34,2.90%,0,0%,32,2.80%,1071,93.10%,79,6.90%,78,6.80%,184,16.00%,248,21.50%,264,22.90%,588,51.10%,563,48.90%
35,Longfellow,Minneapolis,Longfellow,5249,100%,3381,64.40%,1868,35.60%,840,16.00%,169,3.20%,149,2.80%,425,8.10%,284,5.40%,915,17.40%,2563,100%,1031,43.40%,514,21.70%,245,10.30%,1343,56.60%,189,7.40%,2374,92.60%,1303,50.80%,1071,41.80%,2951,100%,693,23.50%,1706,57.80%,551,18.70%,733,24.80%,923,31.30%,1296,43.90%,2,0.10%,0,0%,11,0.40%,84,2.90%,181,6.10%,98,3.30%,252,8.50%,94,3.20%,58,2.00%,160,5.40%,48,1.60%,211,7.10%,105,3.60%,207,7.00%,375,12.70%,519,17.60%,86,2.90%,261,8.90%,75,2.50%,124,4.20%,2258,76.50%,451,15.30%,60,2.00%,90,3.00%,3,0.10%,90,3.00%,2731,92.50%,220,7.50%,225,7.60%,533,18.10%,724,24.50%,775,26.30%,1461,49.50%,1490,50.50%
36,Loring Park,Minneapolis,Central,9005,100%,6613,73.40%,2391,26.60%,1242,13.80%,13,0.10%,525,5.80%,124,1.40%,488,5.40%,572,6.40%,6816,100%,1372,21.90%,491,7.80%,125,2.00%,4882,78.10%,562,8.20%,6254,91.80%,1170,17.20%,5085,74.60%,5088,100%,1934,38.00%,2301,45.20%,853,16.80%,1037,20.40%,1306,25.70%,2745,53.90%,6,0.10%,2,0.00%,17,0.30%,70,1.40%,238,4.70%,211,4.10%,370,7.30%,102,2.00%,175,3.40%,481,9.50%,83,1.60%,662,13.00%,299,5.90%,329,6.50%,413,8.10%,666,13.10%,136,2.70%,525,10.30%,187,3.70%,115,2.30%,3977,78.20%,584,11.50%,32,0.60%,345,6.80%,5,0.10%,145,2.80%,4823,94.80%,265,5.20%,286,5.60%,695,13.70%,937,18.40%,1236,24.30%,2739,53.80%,2349,46.20%
37,Lowry Hill,Minneapolis,Calhoun-Isles,3896,100%,3285,84.30%,611,15.70%,137,3.50%,0,0%,135,3.50%,109,2.80%,230,5.90%,169,4.30%,2363,100%,685,29.80%,263,11.40%,237,10.30%,1615,70.20%,63,2.70%,2300,97.30%,983,41.60%,1317,55.70%,2055,100%,673,32.70%,1025,49.90%,357,17.40%,354,17.20%,434,21.10%,1267,61.70%,4,0.20%,0,0%,8,0.40%,40,1.90%,136,6.60%,62,3.00%,152,7.40%,36,1.80%,81,3.90%,172,8.40%,40,1.90%,264,12.80%,119,5.80%,98,4.80%,244,11.90%,258,12.60%,57,2.80%,174,8.50%,67,3.30%,43,2.10%,1820,88.60%,96,4.70%,10,0.50%,75,3.60%,1,0.00%,53,2.60%,1988,96.70%,67,3.30%,94,4.60%,294,14.30%,430,20.90%,564,27.40%,1092,53.10%,963,46.90%
38,Lowry Hill East,Minneapolis,Calhoun-Isles,7132,100%,5503,77.20%,1629,22.80%,950,13.30%,7,0.10%,278,3.90%,128,1.80%,267,3.70%,408,5.70%,4605,100%,813,19.80%,279,6.80%,170,4.10%,3304,80.20%,488,10.60%,4117,89.40%,750,16.30%,3367,73.10%,5089,100%,2421,47.60%,2249,44.20%,418,8.20%,997,19.60%,1466,28.80%,2626,51.60%,3,0.10%,1,0.00%,12,0.20%,88,1.70%,267,5.20%,192,3.80%,412,8.10%,108,2.10%,187,3.70%,383,7.50%,108,2.10%,631,12.40%,297,5.80%,273,5.40%,481,9.40%,659,12.90%,167,3.30%,549,10.80%,169,3.30%,103,2.00%,4305,84.60%,404,7.90%,29,0.60%,204,4.00%,7,0.10%,139,2.70%,4820,94.70%,269,5.30%,232,4.60%,613,12.00%,847,16.60%,976,19.20%,2694,52.90%,2395,47.10%
39,Lyndale,Minneapolis,Powderhorn,7737,100%,4636,59.90%,3101,40.10%,1581,20.40%,57,0.70%,215,2.80%,797,10.30%,450,5.80%,1622,21.00%,3901,100%,1309,37.20%,551,15.70%,310,8.80%,2208,62.80%,385,9.90%,3516,90.10%,989,25.40%,2527,64.80%,4313,100%,1522,35.30%,2221,51.50%,570,13.20%,1050,24.30%,1465,34.00%,1798,41.70%,4,0.10%,1,0.00%,7,0.20%,96,2.20%,273,6.30%,168,3.90%,360,8.30%,116,2.70%,116,2.70%,252,5.90%,71,1.70%,374,8.70%,174,4.00%,312,7.20%,381,8.80%,690,16.00%,116,2.70%,516,12.00%,167,3.90%,120,2.80%,3352,77.70%,641,14.90%,34,0.80%,161,3.70%,5,0.10%,120,2.80%,3879,89.90%,434,10.10%,310,7.20%,670,15.50%,884,20.50%,927,21.50%,2166,50.20%,2148,49.80%
40,Lynnhurst,Minneapolis,Southwest,5699,100%,5053,88.70%,645,11.30%,192,3.40%,8,0.10%,198,3.50%,19,0.30%,229,4.00%,156,2.70%,2189,100%,1593,75.30%,877,41.50%,717,33.90%,522,24.70%,74,3.40%,2115,96.60%,1874,85.60%,241,11.00%,2882,100%,493,17.10%,1699,59.00%,689,23.90%,516,17.90%,439,15.20%,1927,66.90%,4,0.10%,1,0.00%,10,0.40%,66,2.30%,161,5.60%,116,4.00%,201,7.00%,45,1.50%,95,3.30%,269,9.30%,44,1.50%,380,13.20%,181,6.30%,138,4.80%,348,12.10%,381,13.20%,65,2.30%,175,6.10%,102,3.50%,100,3.50%,2625,91.10%,96,3.30%,7,0.20%,100,3.50%,3,0.10%,51,1.80%,2807,97.40%,75,2.60%,144,5.00%,495,17.20%,746,25.90%,1003,34.80%,1424,49.40%,1457,50.60%
42,Marcy Holmes,Minneapolis,University,13969,100%,10640,76.20%,3329,23.80%,903,6.50%,245,1.80%,1372,9.80%,180,1.30%,629,4.50%,688,4.90%,5749,100%,1034,18.60%,347,6.20%,207,3.70%,4524,81.40%,191,3.30%,5558,96.70%,495,8.60%,5063,88.10%,5744,100%,3346,58.30%,1795,31.20%,603,10.50%,2081,36.20%,1886,32.80%,1777,30.90%,7,0.10%,0,0%,8,0.10%,110,1.90%,278,4.80%,150,2.60%,386,6.70%,106,1.80%,124,2.20%,253,4.40%,81,1.40%,434,7.60%,186,3.20%,346,6.00%,1294,22.50%,711,12.40%,162,2.80%,804,14.00%,186,3.20%,118,2.10%,4370,76.10%,457,8.00%,42,0.70%,688,12.00%,3,0.10%,184,3.20%,5447,94.80%,297,5.20%,207,3.60%,593,10.30%,733,12.80%,865,15.10%,3228,56.20%,2516,43.80%
73,Marshall Terrace,Minneapolis,Northeast,1429,100%,1031,72.10%,459,32.10%,141,9.90%,57,4.00%,68,4.70%,55,3.90%,77,5.40%,129,9.00%,729,100%,299,44.90%,86,21.40%,58,21.80%,128,19.20%,62,8.60%,667,91.40%,902,63.10%,0,0%,863,100%,237,27.40%,485,56.20%,141,16.40%,180,20.90%,255,29.60%,428,49.60%,1,0.10%,0,0%,3,0.30%,38,4.40%,89,10.30%,31,3.50%,64,7.40%,28,3.30%,23,2.70%,43,5%,12,1.40%,74,8.60%,36,4.20%,42,4.90%,63,7.30%,150,17.40%,16,1.90%,82,9.50%,36,4.10%,31,3.60%,699,80.90%,84,9.70%,10,1.20%,43,5%,0,0%,27,3.10%,815,94.40%,48,5.60%,59,6.80%,157,18.20%,199,23.10%,211,24.50%,457,52.90%,406,47.10%
80,McKinley,Minneapolis,Camden,3753,100%,1087,29.00%,2761,73.60%,1708,45.50%,63,1.70%,504,13.40%,171,4.60%,220,5.90%,300,8.00%,1418,100%,783,65.80%,207,31.00%,323,61.70%,473,39.80%,227,16.00%,1191,84.00%,1799,47.90%,0,0%,1739,100%,576,33.10%,914,52.60%,249,14.30%,555,31.90%,739,42.50%,445,25.60%,3,0.20%,0,0%,1,0.00%,39,2.20%,169,9.70%,55,3.20%,178,10.20%,49,2.80%,25,1.40%,64,3.70%,20,1.20%,68,3.90%,40,2.30%,172,9.90%,94,5.40%,416,23.90%,32,1.90%,225,12.90%,49,2.80%,41,2.40%,681,39.10%,734,42.20%,24,1.40%,226,13.00%,0,0%,74,4.20%,1619,93.10%,120,6.90%,184,10.60%,311,17.90%,370,21.30%,297,17.10%,832,47.90%,907,52.10%
93,Mid-City Industrial,Minneapolis,University,3303,100%,2375,71.90%,990,30.00%,217,6.60%,25,0.80%,553,16.80%,33,1.00%,99,3.00%,110,3.30%,1578,100%,654,44.10%,124,19.20%,169,20.30%,142,9.60%,97,6.20%,1481,93.80%,1360,41.20%,0,0%,1745,100%,675,38.70%,808,46.30%,262,15.00%,441,25.30%,550,31.50%,754,43.20%,2,0.10%,0,0%,10,0.50%,40,2.30%,109,6.30%,68,3.90%,144,8.30%,51,2.90%,37,2.10%,84,4.80%,28,1.60%,113,6.50%,69,3.90%,96,5.50%,305,17.50%,289,16.60%,29,1.60%,149,8.50%,56,3.20%,67,3.80%,1300,74.50%,165,9.50%,16,0.90%,216,12.40%,0,0.00%,46,2.70%,1639,94.00%,105,6.00%,104,5.90%,244,14.00%,330,18.90%,392,22.50%,945,54.20%,800,45.80%
43,Midtown Phillips,Minneapolis,Phillips,5319,100%,2105,39.60%,3214,60.40%,1956,36.80%,27,0.50%,220,4.10%,865,16.30%,146,2.70%,1687,31.70%,1662,100%,932,59.30%,699,44.50%,430,27.40%,640,40.70%,90,5.40%,1572,94.60%,514,30.90%,1058,63.70%,2027,100%,664,32.80%,1108,54.70%,255,12.60%,644,31.80%,802,39.60%,581,28.70%,5,0.20%,0,0%,4,0.20%,30,1.50%,128,6.30%,48,2.40%,178,8.80%,70,3.50%,25,1.20%,91,4.50%,30,1.50%,106,5.20%,73,3.60%,185,9.10%,120,5.90%,484,23.90%,55,2.70%,263,13.00%,76,3.70%,56,2.80%,1196,59.00%,619,30.50%,45,2.20%,100,4.90%,3,0.10%,64,3.20%,1655,81.60%,372,18.40%,236,11.60%,349,17.20%,399,19.70%,379,18.70%,1023,50.50%,1004,49.50%
44,Minnehaha,Minneapolis,Nokomis,4123,100%,3332,80.80%,791,19.20%,399,9.70%,34,0.80%,61,1.50%,12,0.30%,285,6.90%,102,2.50%,2065,100%,1097,56.30%,494,25.40%,362,18.60%,850,43.70%,118,5.70%,1947,94.30%,1488,72.10%,459,22.20%,2369,100%,479,20.20%,1412,59.60%,478,20.20%,487,20.60%,534,22.50%,1348,56.90%,5,0.20%,0,0%,13,0.50%,85,3.60%,125,5.30%,113,4.80%,164,6.90%,68,2.90%,75,3.20%,189,8.00%,38,1.60%,185,7.80%,120,5.10%,148,6.20%,271,11.40%,332,14.00%,55,2.30%,182,7.70%,78,3.30%,123,5.20%,2070,87.40%,146,6.20%,16,0.70%,75,3.20%,0,0%,62,2.60%,2282,96.30%,87,3.70%,157,6.60%,463,19.50%,596,25.20%,674,28.50%,1152,48.60%,1217,51.40%
76,Morris Park,Minneapolis,Nokomis,2819,100%,2205,78.20%,716,25.40%,209,7.40%,53,1.90%,56,2.00%,155,5.50%,141,5.00%,297,10.50%,1362,100%,666,52.20%,244,22.70%,72,36.20%,205,16.10%,87,6.40%,1275,93.60%,2331,82.70%,0,0%,1702,100%,379,22.30%,1009,59.30%,314,18.40%,334,19.60%,494,29.00%,874,51.40%,2,0.10%,1,0.10%,8,0.50%,53,3.10%,119,7.00%,70,4.10%,163,9.60%,50,2.90%,42,2.50%,117,6.90%,35,2.10%,143,8.40%,68,4.00%,90,5.30%,160,9.40%,257,15.10%,41,2.40%,168,9.90%,59,3.50%,56,3.30%,1445,84.90%,129,7.60%,19,1.10%,60,3.50%,3,0.20%,46,2.70%,1569,92.20%,133,7.80%,126,7.40%,333,19.60%,399,23.40%,465,27.30%,794,46.70%,908,53.30%
45,Near North,Minneapolis,Near North,6137,100%,952,15.50%,5185,84.50%,3431,55.90%,150,2.40%,959,15.60%,305,5.00%,338,5.50%,528,8.60%,1934,100%,1164,64.90%,863,48.20%,276,15.40%,628,35.10%,143,7.40%,1792,92.60%,620,32.00%,1172,60.60%,2349,100%,834,35.50%,1209,51.50%,305,13.00%,809,34.40%,954,40.60%,586,24.90%,2,0.10%,0,0%,5,0.20%,45,1.90%,184,7.80%,58,2.50%,216,9.20%,79,3.40%,45,1.90%,82,3.50%,35,1.50%,111,4.70%,61,2.60%,231,9.80%,157,6.70%,582,24.80%,40,1.70%,267,11.40%,89,3.80%,61,2.60%,843,35.90%,1121,47.70%,21,0.90%,274,11.60%,2,0.10%,89,3.80%,2155,91.80%,193,8.20%,246,10.50%,399,17.00%,474,20.20%,395,16.80%,1095,46.60%,1254,53.40%
92,Nicollet Island-East Bank,Minneapolis,University,1567,100%,1328,84.70%,274,17.50%,90,5.80%,9,0.60%,68,4.30%,30,1.90%,42,2.70%,72,4.60%,1030,100%,332,35.60%,43,7.50%,32,9.10%,56,6.10%,99,9.60%,931,90.40%,980,62.80%,0,0%,1040,100%,298,28.70%,492,47.30%,250,24.10%,191,18.40%,195,18.70%,655,62.90%,0,0%,2,0.10%,4,0.40%,29,2.70%,62,6.00%,44,4.20%,72,6.90%,21,2.00%,26,2.50%,90,8.70%,15,1.40%,160,15.40%,60,5.80%,48,4.60%,102,9.80%,118,11.30%,29,2.80%,92,8.90%,35,3.30%,31,3.00%,925,88.90%,39,3.80%,5,0.40%,53,5.10%,0,0%,18,1.70%,985,94.70%,56,5.30%,52,5.00%,150,14.50%,235,22.60%,304,29.30%,535,51.40%,505,48.60%
47,North Loop,Minneapolis,Central,6164,100%,4704,76.30%,1460,23.70%,855,13.90%,51,0.80%,242,3.90%,83,1.30%,229,3.70%,260,4.20%,3929,100%,954,25.90%,204,5.50%,152,4.10%,2723,74.10%,252,6.40%,3677,93.60%,1217,31.00%,2460,62.60%,4057,100%,1350,33.30%,2299,56.70%,408,10.10%,545,13.40%,490,12.10%,3022,74.50%,0,0%,0,0%,18,0.40%,66,1.60%,227,5.60%,213,5.30%,220,5.40%,59,1.50%,167,4.10%,468,11.50%,71,1.80%,689,17.00%,342,8.40%,208,5.10%,341,8.40%,426,10.50%,80,2.00%,259,6.40%,111,2.70%,92,2.30%,3458,85.20%,250,6.20%,10,0.20%,239,5.90%,0,0%,100,2.50%,3919,96.60%,138,3.40%,159,3.90%,525,12.90%,871,21.50%,1152,28.40%,2195,54.10%,1862,45.90%
83,Northeast Park,Minneapolis,Northeast,941,100%,573,60.90%,421,44.80%,147,15.60%,41,4.30%,50,5.40%,74,7.90%,56,6.00%,155,16.50%,400,100%,192,55.10%,40,23.90%,62,34.40%,97,27.80%,51,12.90%,349,87.10%,449,47.90%,0,0%,610,100%,234,38.40%,300,49.30%,75,12.30%,148,24.40%,220,36.20%,241,39.50%,0,0.10%,0,0%,1,0.20%,13,2.20%,44,7.20%,16,2.60%,53,8.70%,10,1.60%,21,3.50%,34,5.60%,11,1.80%,53,8.70%,23,3.80%,48,7.80%,59,9.70%,98,16.10%,13,2.10%,77,12.60%,24,3.90%,13,2.10%,474,77.70%,63,10.40%,12,2.00%,37,6.10%,0,0%,23,3.80%,543,89.10%,67,10.90%,46,7.50%,92,15.00%,123,20.20%,115,18.90%,322,52.80%,288,47.20%
48,Northrop,Minneapolis,Nokomis,4740,100%,3755,79.20%,984,20.80%,365,7.70%,327,6.90%,51,1.10%,82,1.70%,159,3.30%,313,6.60%,1914,100%,1232,65.60%,515,27.40%,395,21.10%,646,34.40%,36,1.90%,1877,98.10%,1596,83.40%,281,14.70%,2690,100%,453,16.90%,1701,63.20%,535,19.90%,458,17.00%,559,20.80%,1673,62.20%,3,0.10%,0,0.00%,11,0.40%,82,3.10%,163,6.10%,133,5.00%,182,6.80%,53,2.00%,84,3.10%,205,7.60%,44,1.60%,269,10.00%,139,5.20%,136,5.10%,298,11.10%,397,14.80%,64,2.40%,228,8.50%,76,2.80%,122,4.50%,2365,87.90%,174,6.50%,21,0.80%,79,2.90%,1,0.00%,50,1.90%,2572,95.60%,118,4.40%,159,5.90%,521,19.40%,727,27.00%,829,30.80%,1326,49.30%,1364,50.70%
96,Page,Minneapolis,Nokomis,1727,100%,1456,84.30%,296,17.10%,131,7.60%,12,0.70%,40,2.30%,16,0.90%,72,4.20%,47,2.70%,748,100%,461,64.20%,211,33.60%,22,24.80%,87,12.10%,31,4.10%,717,95.90%,1542,89.50%,0,0%,1052,100%,175,16.70%,646,61.40%,231,22.00%,169,16.10%,184,17.50%,699,66.40%,2,0.20%,0,0%,6,0.50%,23,2.20%,58,5.50%,57,5.40%,84,8.00%,29,2.80%,30,2.90%,96,9.10%,21,2.00%,117,11.20%,62,5.90%,50,4.80%,118,11.20%,148,14.00%,18,1.70%,61,5.80%,29,2.70%,42,4.00%,921,87.50%,70,6.70%,2,0.20%,32,3.00%,0,0%,27,2.60%,1029,97.80%,23,2.20%,53,5.10%,195,18.50%,278,26.40%,351,33.40%,522,49.60%,531,50.40%
50,Phillips West,Minneapolis,Phillips,5457,100%,1437,26.30%,4020,73.70%,2897,53.10%,107,2.00%,57,1.00%,786,14.40%,173,3.20%,1077,19.70%,2206,100%,850,39.40%,659,30.60%,244,11.30%,1305,60.60%,51,2.30%,2155,97.70%,255,11.60%,1900,86.10%,1771,100%,545,30.80%,962,54.30%,264,14.90%,629,35.50%,685,38.70%,457,25.80%,0,0%,0,0%,5,0.30%,30,1.70%,105,5.90%,42,2.40%,126,7.10%,76,4.30%,27,1.50%,66,3.70%,25,1.40%,81,4.60%,41,2.30%,194,11.00%,120,6.80%,488,27.60%,36,2.00%,219,12.40%,60,3.40%,30,1.70%,880,49.70%,733,41.40%,26,1.50%,89,5.00%,4,0.20%,39,2.20%,1503,84.90%,268,15.10%,183,10.30%,327,18.50%,405,22.90%,311,17.60%,866,48.90%,905,51.10%
51,Powderhorn Park,Minneapolis,Powderhorn,9809,100%,5528,56.40%,4281,43.60%,1772,18.10%,194,2.00%,124,1.30%,1822,18.60%,369,3.80%,3196,32.60%,3390,100%,1900,58.80%,1171,36.20%,704,21.80%,1334,41.20%,156,4.60%,3234,95.40%,1632,48.20%,1602,47.20%,4415,100%,1187,26.90%,2511,56.90%,717,16.20%,1169,26.50%,1477,33.40%,1770,40.10%,9,0.20%,1,0.00%,14,0.30%,111,2.50%,237,5.40%,135,3.00%,374,8.50%,81,1.80%,104,2.40%,239,5.40%,76,1.70%,323,7.30%,123,2.80%,354,8.00%,471,10.70%,796,18.00%,115,2.60%,486,11.00%,178,4.00%,188,4.30%,3430,77.70%,585,13.20%,75,1.70%,174,3.90%,3,0.10%,149,3.40%,3832,86.80%,583,13.20%,405,9.20%,750,17.00%,1056,23.90%,1018,23.10%,2111,47.80%,2304,52.20%
52,Prospect Park-East River Road,Minneapolis,University,25934,100%,19068,73.50%,6866,26.50%,1677,6.50%,120,0.50%,3672,14.20%,364,1.40%,1026,4.00%,824,3.20%,9255,100%,3473,40.20%,1356,15.70%,1021,11.80%,5158,59.80%,624,6.70%,8632,93.30%,3331,36.00%,5301,57.30%,9857,100%,3663,37.20%,4388,44.50%,1807,18.30%,2686,27.30%,2558,26.00%,4613,46.80%,16,0.20%,2,0.00%,32,0.30%,242,2.50%,585,5.90%,294,3.00%,667,6.80%,198,2.00%,250,2.50%,546,5.50%,161,1.60%,783,7.90%,465,4.70%,493,5.00%,1874,19.00%,1456,14.80%,229,2.30%,825,8.40%,309,3.10%,430,4.40%,7716,78.30%,905,9.20%,58,0.60%,913,9.30%,7,0.10%,259,2.60%,9467,96.00%,390,4.00%,478,4.80%,1371,13.90%,1888,19.10%,2459,24.90%,5014,50.90%,4843,49.10%
82,Regina,Minneapolis,Nokomis,1965,100%,1053,53.60%,964,49.10%,535,27.20%,25,1.30%,62,3.20%,183,9.30%,107,5.50%,249,12.70%,841,100%,454,57.30%,160,24.40%,58,41.90%,172,21.70%,48,5.70%,793,94.30%,1544,78.80%,0,0%,1159,100%,280,24.20%,663,57.20%,216,18.60%,264,22.80%,306,26.40%,590,50.90%,1,0.10%,1,0.10%,6,0.50%,29,2.50%,59,5.10%,43,3.70%,83,7.20%,29,2.50%,41,3.50%,93,8.00%,10,0.90%,111,9.50%,55,4.80%,76,6.50%,110,9.50%,199,17.10%,19,1.70%,112,9.70%,42,3.60%,43,3.70%,855,73.80%,209,18.00%,9,0.80%,51,4.40%,1,0.10%,34,3.00%,1091,94.10%,69,5.90%,82,7.10%,209,18.00%,262,22.60%,326,28.10%,532,45.90%,627,54.10%
53,Seward,Minneapolis,Longfellow,7856,100%,4137,52.70%,3719,47.30%,3345,42.60%,45,0.60%,137,1.70%,39,0.50%,153,1.90%,127,1.60%,3967,100%,1490,39.40%,724,19.20%,531,14.10%,2287,60.60%,190,4.80%,3777,95.20%,1227,30.90%,2550,64.30%,4135,100%,1199,29.00%,2172,52.50%,764,18.50%,1173,28.40%,1370,33.10%,1592,38.50%,6,0.10%,0,0%,8,0.20%,79,1.90%,169,4.10%,93,2.20%,304,7.40%,162,3.90%,85,2.10%,182,4.40%,58,1.40%,296,7.20%,145,3.50%,285,6.90%,552,13.30%,884,21.40%,100,2.40%,416,10.10%,141,3.40%,170,4.10%,2791,67.50%,1016,24.60%,46,1.10%,168,4.10%,2,0.00%,112,2.70%,3975,96.10%,160,3.90%,281,6.80%,672,16.30%,950,23.00%,1033,25.00%,2006,48.50%,2129,51.50%
54,Sheridan,Minneapolis,Northeast,3339,100%,2411,72.20%,928,27.80%,554,16.60%,41,1.20%,70,2.10%,129,3.90%,134,4.00%,353,10.60%,1721,100%,573,34.70%,260,15.80%,83,5.00%,1076,65.30%,72,4.20%,1649,95.80%,468,27.20%,1181,68.60%,1963,100%,689,35.10%,1003,51.10%,271,13.80%,459,23.40%,615,31.30%,889,45.30%,1,0.10%,0,0.00%,7,0.40%,58,2.90%,134,6.80%,67,3.40%,169,8.60%,45,2.30%,55,2.80%,133,6.80%,31,1.60%,170,8.70%,76,3.90%,112,5.70%,196,10.00%,321,16.30%,46,2.30%,219,11.10%,63,3.20%,60,3.10%,1612,82.10%,219,11.20%,25,1.30%,64,3.30%,1,0.10%,42,2.10%,1861,94.80%,102,5.20%,132,6.70%,316,16.10%,425,21.70%,401,20.40%,1002,51.10%,960,48.90%
75,Shingle Creek,Minneapolis,Camden,3031,100%,1382,45.60%,1763,58.20%,753,24.80%,41,1.40%,517,17.10%,146,4.80%,192,6.30%,300,9.90%,1139,100%,691,65.90%,276,31.70%,117,65.70%,291,27.70%,90,7.90%,1049,92.10%,2322,76.60%,0,0%,1631,100%,435,26.70%,942,57.80%,254,15.60%,442,27.10%,526,32.30%,663,40.60%,1,0.10%,0,0%,8,0.50%,52,3.20%,201,12.30%,50,3.10%,131,8.00%,39,2.40%,29,1.80%,83,5.10%,32,2.00%,107,6.60%,39,2.40%,139,8.50%,120,7.40%,326,20.00%,29,1.80%,128,7.80%,63,3.90%,54,3.30%,844,51.70%,463,28.40%,20,1.20%,241,14.80%,0,0%,63,3.90%,1475,90.40%,156,9.60%,160,9.80%,319,19.60%,407,25.00%,310,19.00%,732,44.90%,899,55.10%
101,South Uptown,Minneapolis,Calhoun-Isles,5603,100%,4751,84.80%,852,15.20%,108,1.90%,,,234,4.20%,,,199,3.60%,260,4.60%,3418,,787,24.50%,296,9.20%,,,2430,75.50%,207,6.00%,3212,94%,750,23.30%,2462,76.70%,3490,100%,1418,40.60%,1669,47.80%,403,11.50%,487,14%,1007,28.80%,1996,57.20%,,,,,,,69,2.00%,199,5.70%,138,4.00%,254,7.30%,42,1.20%,125,3.60%,303,8.70%,93,2.70%,454,13%,241,6.90%,173,5.00%,318,9.10%,447,12.80%,70,2.00%,290,8.30%,147,4.20%,117,3.40%,3116,89.30%,149,4.30%,,,129,3.70%,,,74,2.10%,,,,,160,4.60%,473,13.60%,644,18.50%,795,22.80%,,,,
78,St. Anthony East,Minneapolis,Northeast,2038,100%,1444,70.90%,678,33.30%,278,13.60%,46,2.30%,58,2.80%,108,5.30%,104,5.10%,220,10.80%,1141,100%,356,34.30%,74,19.10%,85,13.10%,157,15.10%,103,9.00%,1038,91.00%,856,42.00%,0,0%,1242,100%,446,35.90%,604,48.60%,192,15.50%,266,21.40%,360,29.00%,616,49.60%,4,0.30%,0,0%,5,0.40%,32,2.60%,104,8.40%,49,3.90%,81,6.50%,23,1.90%,37,3.00%,86,6.90%,20,1.60%,124,10.00%,50,4.00%,85,6.80%,128,10.30%,188,15.10%,39,3.10%,111,8.90%,51,4.10%,25,2.00%,1032,83.10%,129,10.40%,16,1.30%,39,3.10%,1,0.10%,25,2.00%,1172,94.40%,70,5.60%,90,7.20%,203,16.30%,235,18.90%,268,21.60%,620,49.90%,622,50.10%
98,St. Anthony West,Minneapolis,Northeast,1985,100%,1634,82.30%,395,19.90%,125,6.30%,17,0.90%,73,3.70%,60,3.00%,76,3.80%,122,6.10%,1096,100%,346,34.80%,64,15.50%,48,8.20%,91,9.10%,102,9.30%,994,90.70%,847,46.10%,0,0%,1244,100%,413,33.20%,604,48.60%,227,18.20%,266,21.40%,316,25.40%,661,53.20%,2,0.20%,0,0.00%,4,0.30%,38,3.10%,93,7.40%,51,4.10%,92,7.40%,23,1.80%,37,3.00%,96,7.70%,14,1.10%,152,12.20%,63,5.10%,66,5.30%,128,10.30%,157,12.60%,35,2.80%,128,10.30%,29,2.40%,36,2.90%,1072,86.20%,69,5.50%,9,0.80%,68,5.40%,3,0.20%,23,1.80%,1161,93.40%,82,6.60%,59,4.80%,182,14.60%,272,21.80%,319,25.60%,641,51.50%,603,48.50%
56,Standish,Minneapolis,Powderhorn,6664,100%,5155,77.30%,1510,22.70%,515,7.70%,111,1.70%,117,1.80%,344,5.20%,412,6.20%,717,10.80%,2920,100%,1610,57.10%,774,27.50%,546,19.40%,1207,42.90%,104,3.60%,2817,96.40%,2254,77.20%,562,19.30%,3981,100%,844,21.20%,2404,60.40%,734,18.40%,812,20.40%,1081,27.20%,2089,52.50%,7,0.20%,1,0.00%,14,0.30%,89,2.20%,213,5.40%,162,4.10%,315,7.90%,88,2.20%,115,2.90%,264,6.60%,75,1.90%,355,8.90%,170,4.30%,247,6.20%,434,10.90%,638,16.00%,87,2.20%,356,8.90%,149,3.70%,202,5.10%,3328,83.60%,333,8.40%,54,1.40%,157,3.90%,4,0.10%,105,2.60%,3678,92.40%,303,7.60%,280,7.00%,701,17.60%,1022,25.70%,1134,28.50%,1906,47.90%,2075,52.10%
57,Steven's Square-Loring Heights,Minneapolis,Central,3841,100%,2432,63.30%,1410,36.70%,857,22.30%,45,1.20%,155,4.00%,32,0.80%,320,8.30%,257,6.70%,3067,100%,232,8.10%,77,2.70%,25,0.90%,2629,91.90%,206,6.70%,2861,93.30%,388,12.70%,2472,80.60%,2683,100%,1097,40.90%,1264,47.10%,322,12.00%,645,24.00%,1016,37.90%,1022,38.10%,4,0.10%,0,0.00%,4,0.10%,39,1.50%,124,4.60%,78,2.90%,272,10.10%,61,2.30%,71,2.60%,162,6.00%,52,1.90%,245,9.10%,116,4.30%,208,7.70%,244,9.10%,403,15.00%,89,3.30%,341,12.70%,106,3.90%,65,2.40%,1972,73.50%,458,17.10%,26,1.00%,134,5.00%,2,0.10%,91,3.40%,2526,94.10%,157,5.90%,145,5.40%,387,14.40%,523,19.50%,531,19.80%,1412,52.60%,1271,47.40%
87,Sumner-Glenwood,Minneapolis,Near North,1880,100%,299,15.90%,1704,90.60%,1255,66.80%,13,0.70%,107,5.70%,126,6.70%,80,4.30%,295,15.70%,766,100%,406,55.90%,28,31.20%,305,48.00%,258,35.50%,39,5.10%,727,94.90%,233,12.40%,0,0%,805,100%,281,34.90%,437,54.30%,87,10.80%,293,36.40%,292,36.30%,220,27.30%,1,0.10%,0,0%,2,0.30%,9,1.10%,33,4.10%,23,2.90%,64,8.00%,42,5.30%,14,1.80%,35,4.30%,8,1.10%,46,5.70%,23,2.90%,73,9.00%,54,6.70%,246,30.50%,16,1.90%,87,10.80%,18,2.30%,11,1.40%,270,33.60%,478,59.30%,2,0.30%,32,4.00%,3,0.40%,20,2.50%,731,90.80%,74,9.20%,77,9.60%,143,17.70%,168,20.90%,137,17.00%,326,40.50%,479,59.50%
60,Tangletown,Minneapolis,Southwest,5231,100%,4606,88.10%,624,11.90%,255,4.90%,100,1.90%,94,1.80%,57,1.10%,119,2.30%,221,4.20%,2198,100%,1263,58.60%,658,30.50%,500,23.20%,892,41.40%,42,1.90%,2155,98.10%,1621,73.80%,534,24.30%,2782,100%,529,19.00%,1654,59.40%,599,21.50%,534,19.20%,570,20.50%,1678,60.30%,4,0.20%,0,0%,6,0.20%,71,2.50%,139,5.00%,111,4.00%,208,7.50%,58,2.10%,79,2.90%,223,8.00%,49,1.80%,313,11.20%,150,5.40%,158,5.70%,314,11.30%,396,14.30%,70,2.50%,222,8.00%,98,3.50%,112,4.00%,2430,87.30%,196,7.00%,16,0.60%,83,3.00%,2,0.10%,54,1.90%,2692,96.80%,90,3.20%,167,6.00%,490,17.60%,695,25.00%,900,32.30%,1373,49.40%,1409,50.60%
100,University of Minnesota,Minneapolis,University,5421,100%,4434,81.80%,858,15.80%,158,2.90%,,,519,9.60%,,,158,2.90%,129,2.40%,170,,,,,,,,165,97.60%,,,169,99.40%,13,7.70%,156,92.30%,757,100.00%,363,48.00%,267,35.30%,127,16.80%,222,29.30%,220,29.10%,315,41.60%,,,,,,,18,2.40%,55,7.30%,33,4.40%,71,9.40%,16,2.10%,17,2.20%,35,4.60%,,,42,5.50%,26,3.40%,46,6.10%,119,15.70%,114,15.10%,17,2.20%,82,10.80%,32,4.20%,23,3.00%,622,82.20%,58,7.70%,,,55,7.30%,,,18,2.40%,,,,,33,4.40%,112,14.80%,121,16.00%,128,16.90%,,,,
62,Ventura Village,Minneapolis,Phillips,6431,100%,1619,25.20%,4812,74.80%,3303,51.40%,386,6.00%,113,1.80%,689,10.70%,321,5.00%,1294,20.10%,2566,100%,1002,44.90%,720,32.20%,235,10.50%,1232,55.10%,332,12.90%,2234,87.10%,268,10.40%,1966,76.60%,2555,100%,864,33.80%,1347,52.70%,344,13.50%,910,35.60%,1144,44.80%,501,19.60%,3,0.10%,0,0%,6,0.20%,49,1.90%,133,5.20%,72,2.80%,194,7.60%,149,5.80%,28,1.10%,88,3.40%,37,1.40%,107,4.20%,45,1.80%,285,11.20%,141,5.50%,671,26.30%,70,2.70%,342,13.40%,84,3.30%,51,2.00%,1200,47.00%,1095,42.90%,69,2.70%,95,3.70%,3,0.10%,93,3.60%,2270,88.80%,285,11.20%,261,10.20%,477,18.70%,538,21.10%,415,16.20%,1338,52.40%,1217,47.60%
63,Victory,Minneapolis,Camden,4409,100%,3006,68.20%,1403,31.80%,798,18.10%,21,0.50%,206,4.70%,112,2.50%,267,6.00%,142,3.20%,1926,100%,1034,55.40%,519,27.80%,332,17.80%,834,44.60%,57,3.00%,1869,97.00%,1441,74.80%,428,22.20%,2518,100%,581,23.10%,1460,58.00%,477,18.90%,598,23.70%,715,28.40%,1206,47.90%,2,0.10%,0,0%,5,0.20%,70,2.80%,191,7.60%,100,4.00%,185,7.30%,62,2.50%,79,3.10%,152,6.00%,40,1.60%,203,8.10%,101,4.00%,177,7.00%,267,10.60%,472,18.70%,54,2.10%,181,7.20%,85,3.40%,93,3.70%,1779,70.70%,500,19.90%,22,0.90%,137,5.40%,2,0.10%,79,3.10%,2396,95.20%,122,4.80%,209,8.30%,436,17.30%,647,25.70%,646,25.70%,1239,49.20%,1279,50.80%
64,Waite Park,Minneapolis,Northeast,9308,100%,7555,81.20%,1754,18.80%,859,9.20%,108,1.20%,320,3.40%,134,1.40%,333,3.60%,619,6.60%,4289,100%,2273,55.10%,959,23.20%,653,15.80%,1856,44.90%,159,3.70%,4129,96.30%,2652,61.80%,1477,34.40%,5337,100%,1384,25.90%,2957,55.40%,996,18.70%,1100,20.60%,1374,25.70%,2863,53.60%,3,0.10%,0,0%,21,0.40%,134,2.50%,453,8.50%,225,4.20%,422,7.90%,130,2.40%,138,2.60%,356,6.70%,80,1.50%,465,8.70%,239,4.50%,273,5.10%,576,10.80%,882,16.50%,105,2.00%,413,7.70%,187,3.50%,234,4.40%,4329,81.10%,518,9.70%,48,0.90%,312,5.80%,6,0.10%,124,2.30%,5097,95.50%,240,4.50%,305,5.70%,928,17.40%,1282,24.00%,1438,26.90%,2527,47.40%,2810,52.60%
65,Webber-Camden,Minneapolis,Camden,5661,100%,2515,44.40%,3146,55.60%,2225,39.30%,75,1.30%,390,6.90%,346,6.10%,109,1.90%,532,9.40%,2300,100%,1210,54.30%,739,33.20%,196,8.80%,1020,45.70%,71,3.10%,2229,96.90%,1176,51.10%,1053,45.80%,2847,100%,770,27.10%,1592,55.90%,485,17.00%,760,26.70%,1089,38.30%,997,35.00%,3,0.10%,1,0.00%,5,0.20%,87,3.10%,274,9.60%,116,4.10%,282,9.90%,80,2.80%,63,2.20%,112,4.00%,34,1.20%,168,5.90%,88,3.10%,251,8.80%,213,7.50%,582,20.40%,40,1.40%,255,9.00%,96,3.40%,96,3.40%,1560,54.80%,911,32.00%,34,1.20%,258,9.10%,4,0.20%,79,2.80%,2661,93.50%,186,6.50%,263,9.30%,543,19.10%,659,23.10%,611,21.50%,1348,47.30%,1499,52.70%
66,Wenonah,Minneapolis,Nokomis,4441,100%,3235,72.80%,1207,27.20%,424,9.60%,18,0.40%,75,1.70%,329,7.40%,360,8.10%,437,9.80%,1914,100%,998,52.40%,528,27.70%,355,18.60%,907,47.60%,9,0.50%,1905,99.50%,1250,65.30%,655,34.20%,2231,100%,506,22.70%,1335,59.90%,390,17.50%,437,19.60%,615,27.60%,1179,52.90%,6,0.30%,0,0%,6,0.30%,56,2.50%,143,6.40%,103,4.60%,202,9.10%,95,4.30%,65,2.90%,144,6.50%,33,1.50%,200,9.00%,100,4.50%,154,6.90%,186,8.30%,335,15.00%,42,1.90%,206,9.20%,74,3.30%,81,3.60%,1820,81.60%,248,11.10%,28,1.30%,77,3.40%,0,0%,58,2.60%,2064,92.50%,167,7.50%,167,7.50%,416,18.70%,540,24.20%,602,27.00%,1133,50.80%,1098,49.20%
91,West Calhoun,Minneapolis,Calhoun-Isles,2565,100%,2314,90.20%,296,11.50%,62,2.40%,8,0.30%,93,3.60%,26,1.00%,62,2.40%,76,3.00%,1652,100%,464,31.70%,158,23.60%,38,4.70%,89,6.10%,185,11.20%,1467,88.80%,1402,54.80%,0,0%,1543,100%,514,33.30%,749,48.50%,280,18.20%,234,15.20%,297,19.20%,1013,65.60%,2,0.10%,0,0%,2,0.20%,25,1.60%,93,6.00%,69,4.50%,101,6.50%,32,2.10%,53,3.50%,162,10.50%,31,2.00%,219,14.20%,94,6.10%,73,4.70%,151,9.80%,191,12.30%,33,2.20%,124,8.10%,58,3.80%,30,1.90%,1385,89.80%,47,3.10%,5,0.30%,77,5.00%,0,0%,29,1.90%,1496,96.90%,47,3.10%,66,4.30%,209,13.50%,334,21.70%,420,27.20%,764,49.50%,779,50.50%
69,Whittier,Minneapolis,Powderhorn,14177,100%,8625,60.80%,5552,39.20%,3329,23.50%,111,0.80%,477,3.40%,1170,8.30%,464,3.30%,2010,14.20%,7731,100%,1901,26.20%,1098,15.10%,523,7.20%,5358,73.80%,472,6.10%,7259,93.90%,796,10.30%,6463,83.60%,8544,100%,3579,41.90%,4121,48.20%,845,9.90%,2162,25.30%,3016,35.30%,3366,39.40%,5,0.10%,3,0.00%,16,0.20%,165,1.90%,457,5.40%,277,3.20%,748,8.80%,211,2.50%,239,2.80%,468,5.50%,156,1.80%,808,9.50%,325,3.80%,603,7.10%,783,9.20%,1387,16.20%,263,3.10%,1123,13.10%,313,3.70%,193,2.30%,6309,73.80%,1434,16.80%,90,1.10%,451,5.30%,10,0.10%,251,2.90%,7869,92.10%,675,7.90%,575,6.70%,1237,14.50%,1584,18.50%,1569,18.40%,4492,52.60%,4052,47.40%
70,Willard-Hay,Minneapolis,Near North,9803,100%,2704,27.60%,7100,72.40%,4846,49.40%,206,2.10%,1228,12.50%,127,1.30%,687,7.00%,909,9.30%,3150,100%,1919,63.80%,1167,38.80%,526,17.50%,1089,36.20%,142,4.50%,3008,95.50%,1696,53.90%,1312,41.60%,4293,100%,1236,28.80%,2407,56.10%,650,15.10%,1318,30.70%,1629,37.90%,1346,31.40%,6,0.10%,1,0.00%,9,0.20%,85,2.00%,327,7.60%,116,2.70%,376,8.80%,163,3.80%,78,1.80%,179,4.20%,64,1.50%,237,5.50%,106,2.50%,371,8.60%,328,7.60%,1014,23.60%,98,2.30%,442,10.30%,153,3.60%,144,3.40%,1686,39.30%,1992,46.40%,36,0.80%,399,9.30%,5,0.10%,174,4.10%,4037,94.00%,256,6.00%,410,9.50%,821,19.10%,999,23.30%,827,19.30%,1946,45.30%,2347,54.70%
71,Windom,Minneapolis,Southwest,3327,100%,2561,77.00%,766,23.00%,359,10.80%,49,1.50%,84,2.50%,134,4.00%,141,4.20%,246,7.40%,1340,100%,786,61.10%,444,34.60%,332,25.80%,500,38.90%,54,4.00%,1286,96.00%,888,66.30%,398,29.70%,1707,100%,360,21.10%,982,57.50%,365,21.40%,362,21.20%,407,23.80%,938,54.90%,3,0.20%,0,0.00%,3,0.20%,41,2.40%,89,5.20%,68,4.00%,133,7.80%,44,2.60%,45,2.60%,116,6.80%,31,1.80%,176,10.30%,86,5.00%,106,6.20%,176,10.30%,275,16.10%,40,2.30%,147,8.60%,59,3.50%,69,4.00%,1392,81.50%,208,12.20%,14,0.80%,58,3.40%,3,0.10%,33,1.90%,1620,94.90%,87,5.10%,114,6.70%,298,17.50%,426,24.90%,509,29.80%,839,49.10%,868,50.90%
72,Windom Park,Minneapolis,Northeast,5401,100%,4451,82.40%,950,17.60%,267,4.90%,142,2.60%,196,3.60%,157,2.90%,188,3.50%,367,6.80%,2796,100%,1085,39.90%,485,17.90%,364,13.40%,1632,60.10%,79,2.80%,2717,97.20%,1605,57.40%,1112,39.80%,3445,100%,904,26.20%,1917,55.60%,624,18.10%,743,21.60%,922,26.80%,1780,51.70%,5,0.10%,1,0.00%,10,0.30%,99,2.90%,276,8.00%,122,3.50%,266,7.70%,78,2.30%,88,2.50%,182,5.30%,69,2.00%,336,9.80%,142,4.10%,181,5.20%,386,11.20%,533,15.50%,70,2.00%,339,9.80%,125,3.60%,138,4.00%,2875,83.40%,268,7.80%,29,0.80%,183,5.30%,2,0.00%,90,2.60%,3314,96.20%,132,3.80%,204,5.90%,590,17.10%,825,23.90%,923,26.80%,1731,50.20%,1714,49.80%
3,Battle Creek-Highwood,St. Paul,Battle Creek-Highwood,58578,100%,30369,51.80%,28209,48.20%,9867,16.80%,283,0.50%,13527,23.10%,1468,2.50%,3034,5.20%,6244,10.70%,21084,100%,13141,64.40%,7424,36.40%,3827,18.80%,7255,35.60%,688,3.30%,20396,96.70%,11935,56.60%,8461,40.10%,26918,100%,7624,28.30%,14276,53.00%,5018,18.60%,6616,24.60%,9636,35.80%,10666,39.60%,86,0.30%,5,0.00%,76,0.30%,815,3.00%,2528,9.40%,981,3.60%,2677,9.90%,830,3.10%,441,1.60%,1267,4.70%,351,1.30%,1437,5.30%,1071,4.00%,1876,7.00%,2010,7.50%,5340,19.80%,505,1.90%,2401,8.90%,924,3.40%,1297,4.80%,16394,60.90%,4031,15.00%,212,0.80%,5617,20.90%,34,0.10%,630,2.30%,24550,91.20%,2368,8.80%,2301,8.50%,4761,17.70%,6039,22.40%,6193,23.00%,13153,48.90%,13765,51.10%
8,Como (St. Paul),St. Paul,Como (St. Paul),63972,100%,40819,63.80%,23153,36.20%,7973,12.50%,615,1.00%,10857,17.00%,1117,1.70%,2546,4.00%,4397,6.90%,25622,100%,13351,54.30%,6934,28.20%,4821,19.60%,11234,45.70%,1037,4.00%,24585,96.00%,13238,51.70%,11347,44.30%,31402,100%,8791,28.00%,16443,52.40%,6168,19.60%,7330,23.30%,9789,31.20%,14283,45.50%,68,0.20%,3,0.00%,79,0.30%,779,2.50%,2219,7.10%,1145,3.60%,2577,8.20%,815,2.60%,643,2.00%,1522,4.80%,441,1.40%,2003,6.40%,1125,3.60%,1916,6.10%,4482,14.30%,5783,18.40%,557,1.80%,2627,8.40%,1084,3.50%,1534,4.90%,22223,70.80%,4312,13.70%,253,0.80%,3759,12.00%,38,0.10%,817,2.60%,29740,94.70%,1662,5.30%,2120,6.80%,5222,16.60%,7164,22.80%,8105,25.80%,15105,48.10%,16297,51.90%
11,Dayton's Bluff,St. Paul,Dayton's Bluff,50649,100%,21557,42.60%,29092,57.40%,8947,17.70%,725,1.40%,14850,29.30%,1551,3.10%,3019,6.00%,6266,12.40%,20005,100%,9479,51.10%,5786,31.20%,2764,14.90%,9055,48.90%,1471,7.40%,18534,92.60%,6976,34.90%,11558,57.80%,23403,100%,7457,31.90%,12218,52.20%,3728,15.90%,6205,26.50%,9028,38.60%,8170,34.90%,86,0.40%,4,0.00%,61,0.30%,606,2.60%,2267,9.70%,720,3.10%,2209,9.40%,688,2.90%,425,1.80%,1128,4.80%,347,1.50%,1161,5.00%,732,3.10%,1856,7.90%,1703,7.30%,4753,20.30%,461,2.00%,2301,9.80%,824,3.50%,1071,4.60%,12807,54.70%,4205,18.00%,246,1.10%,5403,23.10%,26,0.10%,716,3.10%,21272,90.90%,2131,9.10%,2061,8.80%,3922,16.80%,5023,21.50%,4940,21.10%,11564,49.40%,11839,50.60%
13,Downtown,St. Paul,Downtown,27947,100%,16236,58.10%,11711,41.90%,5884,21.10%,521,1.90%,2831,10.10%,893,3.20%,1577,5.60%,3185,11.40%,14748,100%,4947,36.50%,2419,17.90%,954,7.00%,8588,63.50%,1213,8.20%,13535,91.80%,3842,26.10%,9693,65.70%,14387,100%,4369,30.40%,7483,52.00%,2535,17.60%,3633,25.30%,4758,33.10%,5996,41.70%,32,0.20%,3,0.00%,42,0.30%,361,2.50%,932,6.50%,431,3.00%,1205,8.40%,402,2.80%,352,2.40%,880,6.10%,233,1.60%,875,6.10%,598,4.20%,989,6.90%,1310,9.10%,2611,18.10%,371,2.60%,1526,10.60%,542,3.80%,692,4.80%,10067,70.00%,2418,16.80%,117,0.80%,1422,9.90%,9,0.10%,354,2.50%,13143,91.40%,1244,8.60%,1059,7.40%,2383,16.60%,3208,22.30%,3368,23.40%,7078,49.20%,7309,50.80%
21,Frogtown/Thomas-Dale,St. Paul,Frogtown/Thomas-Dale,34140,100%,11016,32.30%,23124,67.70%,11701,34.30%,518,1.50%,8272,24.20%,829,2.40%,1771,5.20%,2589,7.60%,12512,100%,6457,56.40%,4198,36.70%,1889,16.50%,4994,43.60%,1061,8.50%,11451,91.50%,4363,34.90%,7088,56.60%,15451,100%,5097,33.00%,8084,52.30%,2270,14.70%,4715,30.50%,6320,40.90%,4416,28.60%,53,0.30%,0,0%,17,0.10%,350,2.30%,1342,8.70%,453,2.90%,1443,9.30%,589,3.80%,232,1.50%,572,3.70%,185,1.20%,679,4.40%,370,2.40%,1342,8.70%,1290,8.30%,3435,22.20%,271,1.80%,1716,11.10%,590,3.80%,522,3.40%,6963,45.10%,4718,30.50%,129,0.80%,3086,20.00%,30,0.20%,525,3.40%,14421,93.30%,1030,6.70%,1395,9.00%,2696,17.40%,3272,21.20%,2991,19.40%,7544,48.80%,7907,51.20%
23,Greater East Side,St. Paul,Greater East Side,58764,100%,27388,46.60%,31376,53.40%,8739,14.90%,409,0.70%,17183,29.20%,1856,3.20%,3171,5.40%,7363,12.50%,20643,100%,12640,64.80%,7899,40.50%,3872,19.80%,6869,35.20%,1134,5.50%,19509,94.50%,11312,54.80%,8197,39.70%,28297,100%,8711,30.80%,14751,52.10%,4835,17.10%,7028,24.80%,10912,38.60%,10357,36.60%,80,0.30%,4,0.00%,65,0.20%,847,3.00%,3109,11.00%,1080,3.80%,3021,10.70%,831,2.90%,451,1.60%,1247,4.40%,386,1.40%,1331,4.70%,876,3.10%,1997,7.10%,1996,7.10%,5698,20.10%,476,1.70%,2564,9.10%,975,3.40%,1263,4.50%,16257,57.50%,3874,13.70%,268,0.90%,7164,25.30%,41,0.10%,693,2.40%,25765,91.10%,2532,8.90%,2490,8.80%,4860,17.20%,6277,22.20%,5959,21.10%,13859,49.00%,14438,51.00%
24,Hamline-Midway,St. Paul,Hamline-Midway,20782,100%,14349,69.00%,6433,31.00%,3127,15.00%,154,0.70%,1471,7.10%,525,2.50%,1117,5.40%,1486,7.20%,9072,100%,3652,43.40%,2015,24.00%,1131,13.40%,4757,56.60%,663,7.30%,8409,92.70%,3664,40.40%,4745,52.30%,10820,100%,3348,30.90%,5529,51.10%,1943,18.00%,2748,25.40%,3404,31.50%,4668,43.10%,10,0.10%,1,0.00%,21,0.20%,294,2.70%,628,5.80%,344,3.20%,896,8.30%,328,3.00%,254,2.30%,515,4.80%,167,1.50%,709,6.60%,402,3.70%,675,6.20%,1422,13.10%,1954,18.10%,237,2.20%,1007,9.30%,416,3.80%,540,5.00%,7843,72.50%,1853,17.10%,92,0.90%,687,6.30%,15,0.10%,330,3.00%,10349,95.60%,471,4.40%,666,6.20%,1757,16.20%,2432,22.50%,2617,24.20%,5332,49.30%,5488,50.70%
27,Highland,St. Paul,Highland,40589,100%,33584,82.70%,7005,17.30%,3328,8.20%,96,0.20%,1477,3.60%,689,1.70%,1415,3.50%,1736,4.30%,18776,100%,9694,54.00%,4400,24.50%,3379,18.80%,8266,46.00%,816,4.30%,17960,95.70%,10983,58.50%,6977,37.20%,22144,100%,5074,22.90%,12057,54.40%,5013,22.60%,4616,20.80%,5259,23.70%,12269,55.40%,36,0.20%,8,0.00%,81,0.40%,499,2.30%,1271,5.70%,761,3.40%,1679,7.60%,619,2.80%,609,2.80%,1517,6.90%,397,1.80%,1777,8.00%,1224,5.50%,1226,5.50%,2877,13.00%,3284,14.80%,479,2.20%,1929,8.70%,739,3.30%,1132,5.10%,18624,84.10%,2030,9.20%,112,0.50%,947,4.30%,13,0.10%,418,1.90%,21214,95.80%,930,4.20%,1344,6.10%,3710,16.80%,5417,24.50%,6599,29.80%,10777,48.70%,11367,51.30%
41,Macalester-Groveland,St. Paul,Macalester-Groveland,42859,100%,38303,89.40%,4556,10.60%,1020,2.40%,97,0.20%,1497,3.50%,482,1.10%,1460,3.40%,1641,3.80%,18342,100%,9581,54.60%,4476,25.50%,3755,21.40%,7969,45.40%,792,4.30%,17550,95.70%,11393,62.10%,6157,33.60%,22570,100%,5351,23.70%,11879,52.60%,5340,23.70%,4678,20.70%,4948,21.90%,12944,57.40%,38,0.20%,6,0.00%,89,0.40%,546,2.40%,1319,5.80%,833,3.70%,1669,7.40%,517,2.30%,640,2.80%,1496,6.60%,383,1.70%,1835,8.10%,1306,5.80%,958,4.20%,3311,14.70%,3259,14.40%,523,2.30%,1886,8.40%,767,3.40%,1189,5.30%,20179,89.40%,967,4.30%,105,0.50%,877,3.90%,8,0.00%,434,1.90%,21756,96.40%,814,3.60%,1152,5.10%,3728,16.50%,5521,24.50%,6818,30.20%,10903,48.30%,11667,51.70%
46,North End,St. Paul,North End,62967,100%,25590,40.60%,37377,59.40%,11897,18.90%,554,0.90%,19929,31.60%,1746,2.80%,3222,5.10%,6529,10.40%,21317,100%,13341,66.10%,8315,41.20%,4413,21.90%,6853,33.90%,1123,5.30%,20194,94.70%,9527,44.70%,10667,50.00%,28097,100%,8644,30.80%,14656,52.20%,4797,17.10%,7434,26.50%,10951,39.00%,9712,34.60%,140,0.50%,3,0.00%,51,0.20%,720,2.60%,2831,10.10%,997,3.50%,2582,9.20%,828,2.90%,448,1.60%,1144,4.10%,333,1.20%,1388,4.90%,746,2.70%,2256,8.00%,2392,8.50%,6085,21.70%,444,1.60%,2586,9.20%,1050,3.70%,1073,3.80%,14689,52.30%,5311,18.90%,224,0.80%,7005,24.90%,45,0.20%,823,2.90%,26017,92.60%,2080,7.40%,2519,9.00%,4828,17.20%,6065,21.60%,6041,21.50%,13806,49.10%,14291,50.90%
49,Payne-Phalen,St. Paul,Payne-Phalen,67379,100%,27640,41.00%,39739,59.00%,10034,14.90%,782,1.20%,22648,33.60%,2391,3.50%,3884,5.80%,9107,13.50%,22712,100%,13852,66.30%,8768,41.90%,4618,22.10%,7050,33.70%,1810,8.00%,20902,92.00%,10814,47.60%,10088,44.40%,31112,100%,9942,32.00%,16212,52.10%,4958,15.90%,8267,26.60%,12398,39.80%,10447,33.60%,118,0.40%,3,0.00%,78,0.30%,863,2.80%,3613,11.60%,1004,3.20%,3107,10.00%,922,3.00%,520,1.70%,1270,4.10%,384,1.20%,1383,4.40%,826,2.70%,2375,7.60%,2356,7.60%,6536,21.00%,475,1.50%,2946,9.50%,1115,3.60%,1218,3.90%,16086,51.70%,5084,16.30%,307,1.00%,8727,28.10%,36,0.10%,872,2.80%,28469,91.50%,2643,8.50%,2792,9.00%,5277,17.00%,6630,21.30%,6471,20.80%,15322,49.20%,15790,50.80%
55,St. Anthony Park,St. Paul,St. Anthony Park,23938,100%,17623,73.60%,6315,26.40%,1995,8.30%,117,0.50%,2745,11.50%,443,1.90%,1004,4.20%,1472,6.10%,10465,100%,4092,41.10%,1777,17.90%,1249,12.50%,5863,58.90%,510,4.90%,9955,95.10%,3694,35.30%,6261,59.80%,11671,100%,3886,33.30%,5680,48.70%,2105,18.00%,2817,24.10%,3451,29.60%,5403,46.30%,12,0.10%,1,0.00%,27,0.20%,258,2.20%,643,5.50%,406,3.50%,873,7.50%,285,2.40%,310,2.70%,583,5.00%,180,1.50%,869,7.40%,491,4.20%,622,5.30%,2079,17.80%,1896,16.20%,256,2.20%,989,8.50%,401,3.40%,490,4.20%,8841,75.80%,1316,11.30%,95,0.80%,1108,9.50%,4,0.00%,307,2.60%,11088,95.00%,583,5.00%,679,5.80%,1704,14.60%,2434,20.90%,2968,25.40%,5778,49.50%,5893,50.50%
58,Summit Hill,St. Paul,Summit Hill,26992,100%,22573,83.60%,4419,16.40%,1774,6.60%,175,0.60%,658,2.40%,733,2.70%,1079,4.00%,1627,6.00%,13391,100%,5970,48.00%,2713,21.80%,1896,15.20%,6478,52.00%,943,7.00%,12448,93.00%,6824,51.00%,5624,42.00%,15660,100%,4200,26.80%,8187,52.30%,3273,20.90%,3522,22.50%,4147,26.50%,7991,51.00%,22,0.10%,5,0.00%,50,0.30%,407,2.60%,906,5.80%,600,3.80%,1330,8.50%,420,2.70%,426,2.70%,1032,6.60%,263,1.70%,1151,7.30%,757,4.80%,751,4.80%,1957,12.50%,2424,15.50%,404,2.60%,1458,9.30%,593,3.80%,704,4.50%,13454,85.90%,1161,7.40%,88,0.60%,597,3.80%,10,0.10%,350,2.20%,14920,95.30%,740,4.70%,911,5.80%,2586,16.50%,3760,24.00%,4203,26.80%,7638,48.80%,8022,51.20%
59,Summit-University,St. Paul,Summit-University,33338,100%,17661,53.00%,15677,47.00%,9590,28.80%,361,1.10%,3750,11.20%,359,1.10%,1612,4.80%,1271,3.80%,14793,100%,6279,45.20%,3474,25.00%,1823,13.10%,7619,54.80%,895,6.10%,13898,93.90%,5108,34.50%,8790,59.40%,16603,100%,5235,31.50%,8580,51.70%,2788,16.80%,4541,27.40%,5548,33.40%,6514,39.20%,43,0.30%,1,0.00%,31,0.20%,348,2.10%,1017,6.10%,501,3.00%,1487,9.00%,531,3.20%,386,2.30%,805,4.80%,236,1.40%,1008,6.10%,624,3.80%,1124,6.80%,1789,10.80%,3206,19.30%,404,2.40%,1713,10.30%,679,4.10%,670,4.00%,10660,64.20%,3708,22.30%,124,0.70%,1622,9.80%,18,0.10%,471,2.80%,15787,95.10%,816,4.90%,1203,7.20%,2731,16.40%,3654,22.00%,3780,22.80%,7923,47.70%,8680,52.30%
61,Union Park,St. Paul,Union Park,34519,100%,28287,81.90%,6232,18.10%,2792,8.10%,112,0.30%,1485,4.30%,452,1.30%,1383,4.00%,1491,4.30%,15289,100%,6962,48.00%,3190,22.00%,2312,15.90%,7540,52.00%,787,5.10%,14502,94.90%,7092,46.40%,7410,48.50%,17858,100%,4985,27.90%,9067,50.80%,3806,21.30%,4161,23.30%,4555,25.50%,9142,51.20%,26,0.10%,1,0.00%,56,0.30%,436,2.40%,1052,5.90%,596,3.30%,1356,7.60%,485,2.70%,495,2.80%,1014,5.70%,305,1.70%,1398,7.80%,888,5.00%,879,4.90%,2572,14.40%,2758,15.40%,426,2.40%,1568,8.80%,663,3.70%,884,5.00%,14814,83.00%,1681,9.40%,106,0.60%,815,4.60%,8,0.00%,434,2.40%,17144,96.00%,714,4.00%,972,5.40%,2867,16.10%,4101,23.00%,4933,27.60%,8837,49.50%,9021,50.50%
67,West Seventh,St. Paul,West Seventh,34285,100%,25042,73.00%,9243,27.00%,4887,14.30%,493,1.40%,805,2.30%,1359,4.00%,1699,5.00%,3645,10.60%,17682,100%,7207,44.40%,3372,20.80%,1726,10.60%,9031,55.60%,1444,8.20%,16238,91.80%,6938,39.20%,9300,52.60%,19380,100%,5415,27.90%,10167,52.50%,3798,19.60%,4633,23.90%,5767,29.80%,8980,46.30%,34,0.20%,6,0.00%,71,0.40%,524,2.70%,1133,5.80%,671,3.50%,1722,8.90%,610,3.10%,493,2.50%,1213,6.30%,322,1.70%,1255,6.50%,846,4.40%,1259,6.50%,1991,10.30%,3134,16.20%,514,2.70%,1996,10.30%,711,3.70%,875,4.50%,15547,80.20%,2388,12.30%,134,0.70%,857,4.40%,12,0.10%,442,2.30%,17887,92.30%,1493,7.70%,1316,6.80%,3271,16.90%,4556,23.50%,4822,24.90%,9438,48.70%,9942,51.30%
68,West Side,St. Paul,West Side,27188,100%,17764,65.30%,9424,34.70%,3529,13.00%,535,2.00%,1088,4.00%,2715,10.00%,1557,5.70%,5901,21.70%,12232,100%,5584,49.00%,3128,27.50%,1493,13.10%,5810,51.00%,838,6.90%,11394,93.10%,5161,42.20%,6233,51.00%,13899,100%,4035,29.00%,7298,52.50%,2566,18.50%,3582,25.80%,4403,31.70%,5914,42.50%,41,0.30%,3,0.00%,55,0.40%,422,3.00%,969,7.00%,514,3.70%,1310,9.40%,402,2.90%,317,2.30%,791,5.70%,211,1.50%,816,5.90%,519,3.70%,905,6.50%,1255,9.00%,2389,17.20%,348,2.50%,1483,10.70%,515,3.70%,634,4.60%,10881,78.30%,1674,12.00%,146,1.10%,783,5.60%,12,0.10%,403,2.90%,12047,86.70%,1852,13.30%,1067,7.70%,2390,17.20%,3213,23.10%,3194,23.00%,6672,48.00%,7227,52.00%