Neighborhood,City,ï»¿Total population,Total population - Share,White,White - Share,Of Color,Of Color - Share,Black or African American,Black or African American - Share,American Indian and Alaska Native,American Indian and Alaska Native - Share,Asian or Pacific Islander,Asian or Pacific Islander - Share,Other race,Other race - Share,Two or more races,Two or more races - Share,Hispanic or Latino,Hispanic or Latino - Share,Total housing units,Total housing units - Share,Vacant housing units,Vacant housing units - Share,Occupied housing units,Occupied housing units - Share,Population in occupied housing units,Population in occupied housing units - Share,Average households size,Average households size - Share,Owner-occupied,Owner-occupied - Share,With children under 18 parent value,With children under 18 parent value - Share,With children under 18 years,With children under 18 years - Share,Average owner-occupied household size,Average owner-occupied household size - Share,Renter-occupied,Renter-occupied - Share,With children under 18 parent value,With children under 18 parent value - Share,With children under 18 years,With children under 18 years - Share,Average renter-occupied household size,Average renter-occupied household size - Share,Specified owner-occupied units,Specified owner-occupied units - Share,Owned with mortgage or loan,Owned with mortgage or loan - Share,Owned free and clear,Owned free and clear - Share,Total Households,Total Households - Share,In owner-occupied housing,In owner-occupied housing - Share,1-person household,1-person household - Share,2-person household,2-person household - Share,3-person household,3-person household - Share,4-person household,4-person household - Share,5-person household,5-person household - Share,6-person household,6-person household - Share,7-person household,7-person household - Share,In renter-occupied housing,In renter-occupied housing - Share,1-person household,1-person household - Share,2-person household,2-person household - Share,3-person household,3-person household - Share,4-person household,4-person household - Share,5-person household,5-person household - Share,6-person household,6-person household - Share,7-person household,7-person household - Share,In family households,In family households - Share,Householder 15-24,Householder 15-24 - Share,Householder 25-34,Householder 25-34 - Share,Householder 35-44,Householder 35-44 - Share,Householder 45-54,Householder 45-54 - Share,Householder 55-64,Householder 55-64 - Share,Householder 65-74,Householder 65-74 - Share,Householder 75-84 ,Householder 75-84 - Share,Householder 85 years and over,Householder 85 years and over - Share,In non-family households,In non-family households - Share,Householder 15-24,Householder 15-24 - Share,Householder 25-34,Householder 25-34 - Share,Householder 35-44,Householder 35-44 - Share,Householder 45-54,Householder 45-54 - Share,Householder 55-64,Householder 55-64 - Share,Householder 65-74,Householder 65-74 - Share,Householder 75-84 ,Householder 75-84 - Share,Householder 85 and over,Householder 85 and over - Share,In owner-occupied housing,In owner-occupied housing - Share,Householder white alone,Householder white alone - Share,Householder black or african american alone,Householder black or african american alone - Share,Householder american indian or alaskan native alone,Householder american indian or alaskan native alone - Share,Householder asian alone,Householder asian alone - Share,Householder native hawaiian or other pacific islander alone,Householder native hawaiian or other pacific islander alone - Share,Householder is some other race alone,Householder some other race alone - Share,Householder two or more races,Householder two or more races - Share,In renter-occupied housing,In renter-occupied housing - Share,Householder white alone,Householder white alone - Share,Householder black or african american alone,Householder black or african american alone - Share,Householder american indian or alaskan native alone,Householder american indian or alaskan native alone - Share,Householder asian alone,Householder asian alone - Share,Householder native hawaiian or other pacific islander alone,Householder native hawaiian or other pacific islander alone - Share,Householder is some other race alone,Householder some other race alone - Share,Householder two or more races,Householder two or more races - Share,Household makeup total,Household makeup total - Share,Family households,Family households - Share,Husband-wife family,Husband-wife family - Share,Nonfamily households,Nonfamily households - Share,Total Employed Workers,Total Employed Workers - Share,Worker Age 29 or younger,Worker Age 29 or younger - Share,Worker Age 30 to 54,Worker Age 30 to 54 - Share,Worker Age 55 or older,Worker Age 55 or older - Share,Workers $15000 per year or less,Workers $15000 per year or less - Share,Workers $15001 to $39999 per year,Workers $15001 to $39999 per year - Share,Workers $40000 or more per year,Workers $40000 or more per year - Share,Agriculture; forestry; fishing and hunting,Agriculture; forestry; fishing and hunting - Share,Mining; quarrying; and oil and gas extraction,Mining; quarrying; and oil and gas extraction - Share,Utilities,Utilities - Share,Construction,Construction - Share,Manufacturing,Manufacturing - Share,Wholesale trade,Wholesale trade - Share,Retail trade,Retail trade - Share,Transportation and warehousing,Transportation and warehousing - Share,Information,Information - Share,Finance and insurance,Finance and insurance - Share,Real estate and rental and leasing,Real estate and rental and leasing - Share,Professional; scientific; and technical services,Professional; scientific; and technical services - Share,Management of companies and enterprises,Management of companies and enterprises - Share,Administration & supports; waste management; and remediation,Administration & supports; waste management; and remediation - Share,Educational Services,Educational Services - Share,Health care and social assistance,Health care and social assistance - Share,Arts; entertainment; and recreation,Arts; entertainment; and recreation - Share,Accommodation and food services,Accommodation and food services - Share,Other services (excluding public administration),Other services (excluding public administration) - Share,Public administration,Public administration - Share,Workers White alone,Workers White alone - Share,Workers Black or African American alone,Workers Black or African American alone - Share,Workers American Indian or Alaska Native alone,Workers American Indian or Alaska Native alone - Share,Workers Asian alone,Workers Asian alone - Share,Workers Native Hawaiian or Other Pacific Islander alone,Workers Native Hawaiian or Other Pacific Islander alone - Share,Workers Two or more race,Workers Two or more race - Share,Workers Not Hispanic or Latino,Workers Not Hispanic or Latino - Share,Workers Hispanic or Latino,Workers Hispanic or Latino - Share,Workers less than high school,Workers less than high school - Share,Workers high school or equivalent  (no college),Workers high school or equivalent (no college) - Share,Workers some college or associates degree,Workers some college or associates degree (Share),Workers bachelor's degree or advanced degree,Workers bachelor's degree or advanced degree - Share,Workers Male,Workers Male - Share,Workers Female,Workers Female - Share
Marshall Terrace,Minneapolis,1429,100%,1031,72.10%,459,32.10%,141,9.90%,57,4.00%,68,4.70%,55,3.90%,77,5.40%,129,9.00%,729,100%,62,8.60%,667,91.40%,1429,100%,2.5,100%,902,63.10%,400,100%,86,21.40%,2,100%,0,0%,266,100%,58,21.80%,2.2,100%,400,100%,314,78.40%,86,21.60%,667,100%,400,100%,141,35.10%,138,34.40%,62,15.40%,36,9.10%,10,2.40%,4,1.10%,10,2.40%,266,100%,152,57.00%,49,18.40%,26,9.80%,16,5.90%,15,5.60%,4,1.70%,4,1.70%,299,100%,10,3.20%,77,25.60%,63,21.10%,64,21.40%,43,14.40%,21,7.00%,18,6.00%,4,1.20%,368,100%,19,5.10%,74,20.00%,46,12.60%,57,15.60%,45,12.30%,34,9.30%,43,11.70%,49,13.40%,400,100%,362,90.30%,12,3.00%,4,1.10%,11,2.80%,0,0%,4,1.10%,7,1.70%,266,100%,200,75.10%,35,13.10%,13,5.00%,5,2.00%,1,0.30%,4,1.70%,7,2.80%,667,100%,299,44.90%,171,25.70%,128,19.20%,863,100%,237,27.40%,485,56.20%,141,16.40%,180,20.90%,255,29.60%,428,49.60%,1,0.10%,0,0%,3,0.30%,38,4.40%,89,10.30%,31,3.50%,64,7.40%,28,3.30%,23,2.70%,43,5%,12,1.40%,74,8.60%,36,4.20%,42,4.90%,63,7.30%,150,17.40%,16,1.90%,82,9.50%,36,4.10%,31,3.60%,699,80.90%,84,9.70%,10,1.20%,43,5%,0,0%,27,3.10%,815,94.40%,48,5.60%,59,6.80%,157,18.20%,199,23.10%,211,24.50%,457,52.90%,406,47.10%
Cleveland,Minneapolis,3025,100%,1599,52.90%,1497,49.50%,890,29.40%,38,1.30%,227,7.50%,122,4.00%,149,4.90%,206,6.80%,1289,100%,130,10.10%,1159,89.90%,3021,100%,2.3,100%,2240,74.10%,927,100%,257,27.70%,2.3,100%,0,0%,232,100%,137,59.10%,2.7,100%,927,100%,806,86.90%,121,13.10%,1159,100%,927,100%,296,31.90%,315,34.00%,134,14.50%,92,9.90%,49,5.30%,19,2.00%,22,2.40%,232,100%,42,18.10%,45,19.40%,48,20.70%,44,19.00%,26,11.20%,8,3.40%,19,8.20%,667,100%,17,2.50%,150,22.50%,192,28.80%,167,25.00%,87,13.00%,34,5.10%,16,2.40%,4,0.60%,492,100%,14,2.80%,103,20.90%,122,24.80%,120,24.40%,82,16.70%,27,5.50%,13,2.60%,11,2.20%,927,100%,726,78.30%,136,14.70%,6,0.60%,25,2.70%,0,0%,16,1.70%,18,1.90%,232,100%,64,27.60%,129,55.60%,2,0.90%,20,8.60%,0,0%,11,4.70%,6,2.60%,1159,100%,667,57.50%,380,32.80%,287,24.80%,1823,100%,386,21.20%,1128,61.90%,309,17.00%,470,25.80%,591,32.40%,762,41.80%,1,0.10%,0,0%,4,0.20%,56,3.10%,129,7.10%,71,3.90%,135,7.40%,49,2.70%,30,1.60%,88,4.80%,27,1.50%,129,7.10%,41,2.20%,142,7.80%,181,9.90%,405,22.20%,42,2.30%,156,8.60%,56,3.10%,81,4.40%,1164,63.90%,474,26.00%,21,1.20%,107,5.90%,0,0%,57,3.10%,1707,93.60%,116,6.40%,163,8.90%,353,19.40%,467,25.60%,454,24.90%,850,46.60%,973,53.40%
Shingle Creek,Minneapolis,3031,100%,1382,45.60%,1763,58.20%,753,24.80%,41,1.40%,517,17.10%,146,4.80%,192,6.30%,300,9.90%,1139,100%,90,7.90%,1049,92.10%,3030,100%,2,100%,2322,76.60%,871,100%,276,31.70%,2,100%,0,0%,178,100%,117,65.70%,2.5,100%,871,100%,705,80.90%,166,19.10%,1049,100%,871,100%,233,26.80%,297,34.10%,134,15.40%,90,10.30%,53,6.10%,27,3.10%,37,4.20%,178,100%,23,12.90%,19,10.70%,36,20.20%,46,25.80%,18,10.10%,14,7.90%,22,12.40%,691,100%,28,4.10%,138,20.00%,193,27.90%,129,18.70%,88,12.70%,46,6.70%,41,5.90%,28,4.10%,358,100%,7,2.00%,56,15.60%,60,16.80%,81,22.60%,61,17.00%,34,9.50%,26,7.30%,33,9.20%,871,100%,599,68.80%,138,15.80%,8,0.90%,77,8.80%,0,0%,26,3.00%,23,2.60%,178,100%,47,26.40%,79,44.40%,4,2.20%,31,17.40%,0,0%,9,5.10%,8,4.50%,1049,100%,691,65.90%,400,38.10%,291,27.70%,1631,100%,435,26.70%,942,57.80%,254,15.60%,442,27.10%,526,32.30%,663,40.60%,1,0.10%,0,0%,8,0.50%,52,3.20%,201,12.30%,50,3.10%,131,8.00%,39,2.40%,29,1.80%,83,5.10%,32,2.00%,107,6.60%,39,2.40%,139,8.50%,120,7.40%,326,20.00%,29,1.80%,128,7.80%,63,3.90%,54,3.30%,844,51.70%,463,28.40%,20,1.20%,241,14.80%,0,0%,63,3.90%,1475,90.40%,156,9.60%,160,9.80%,319,19.60%,407,25.00%,310,19.00%,732,44.90%,899,55.10%
Morris Park,Minneapolis,2819,100%,2205,78.20%,716,25.40%,209,7.40%,53,1.90%,56,2.00%,155,5.50%,141,5.00%,297,10.50%,1362,100%,87,6.40%,1275,93.60%,2819,100%,1.8,100%,2331,82.70%,1076,100%,244,22.70%,1.8,100%,0,0%,199,100%,72,36.20%,1.8,100%,1076,100%,857,79.60%,219,20.40%,1275,100%,1076,100%,390,36.20%,377,35.00%,156,14.50%,99,9.20%,31,2.90%,12,1.10%,11,1.00%,199,100%,61,30.70%,57,28.60%,38,19.10%,26,13.10%,10,5.00%,4,2.00%,3,1.50%,666,100%,12,1.80%,182,27.30%,142,21.30%,127,19.10%,104,15.60%,50,7.50%,34,5.10%,15,2.30%,609,100%,16,2.60%,113,18.60%,95,15.60%,141,23.20%,128,21.00%,48,7.90%,37,6.10%,31,5.10%,1076,100%,982,91.30%,37,3.40%,5,0.50%,15,1.40%,0,0%,16,1.50%,21,2.00%,199,100%,126,63.30%,39,19.60%,9,4.50%,4,2.00%,0,0%,12,6.00%,9,4.50%,1275,100%,666,52.20%,461,36.20%,205,16.10%,1702,100%,379,22.30%,1009,59.30%,314,18.40%,334,19.60%,494,29.00%,874,51.40%,2,0.10%,1,0.10%,8,0.50%,53,3.10%,119,7.00%,70,4.10%,163,9.60%,50,2.90%,42,2.50%,117,6.90%,35,2.10%,143,8.40%,68,4.00%,90,5.30%,160,9.40%,257,15.10%,41,2.40%,168,9.90%,59,3.50%,56,3.30%,1445,84.90%,129,7.60%,19,1.10%,60,3.50%,3,0.20%,46,2.70%,1569,92.20%,133,7.80%,126,7.40%,333,19.60%,399,23.40%,465,27.30%,794,46.70%,908,53.30%
Downtown East,Minneapolis,1271,100%,836,65.70%,466,36.70%,240,18.90%,22,1.70%,128,10.10%,13,1.00%,32,2.60%,48,3.80%,836,100%,123,14.70%,712,85.30%,1018,100%,1.4,100%,520,51.10%,350,100%,15,4.40%,1.2,100%,0,0%,363,100%,15,4.30%,1.4,100%,350,100%,280,80.10%,69,19.90%,712,100%,350,100%,200,57.20%,132,37.80%,14,4.00%,3,1.00%,0,0.10%,0,0%,0,0%,363,100%,250,69.00%,94,26.00%,14,4.00%,3,0.90%,0,0.10%,0,0%,0,0%,171,100%,8,4.50%,52,30.50%,20,11.90%,27,15.80%,33,19.50%,20,11.90%,9,5.30%,1,0.80%,541,100%,45,8.30%,177,32.70%,87,16.10%,87,16.10%,76,14.00%,37,6.80%,24,4.40%,8,1.50%,350,100%,318,90.90%,7,2.10%,1,0.40%,18,5.20%,0,0.10%,1,0.20%,4,1.20%,363,100%,237,65.20%,59,16.20%,2,0.40%,50,13.70%,0,0.10%,3,0.80%,13,3.60%,712,100%,171,24.10%,144,20.20%,28,3.90%,1010,100%,300,29.70%,538,53.30%,172,17.10%,147,14.60%,137,13.60%,725,71.80%,0,0.00%,0,0.00%,7,0.70%,18,1.70%,47,4.60%,43,4.30%,45,4.40%,14,1.40%,33,3.30%,115,11.30%,16,1.60%,199,19.70%,86,8.50%,52,5.20%,91,9.00%,102,10.10%,28,2.80%,67,6.70%,22,2.20%,24,2.40%,763,75.60%,76,7.50%,7,0.70%,145,14.40%,0,0.00%,19,1.90%,965,95.50%,45,4.50%,53,5.20%,139,13.80%,192,19.00%,326,32.30%,574,56.80%,436,43.20%
St. Anthony East,Minneapolis,2038,100%,1444,70.90%,678,33.30%,278,13.60%,46,2.30%,58,2.80%,108,5.30%,104,5.10%,220,10.80%,1141,100%,103,9.00%,1038,91.00%,2038,100%,1.3,100%,856,42.00%,387,100%,74,19.10%,1.7,100%,0,0%,651,100%,85,13.10%,1.3,100%,387,100%,290,74.90%,97,25.10%,1038,100%,387,100%,128,33.10%,151,39.00%,56,14.50%,28,7.20%,12,3.10%,4,1.00%,8,2.10%,651,100%,335,51.50%,202,31.00%,59,9.10%,33,5.10%,8,1.20%,8,1.20%,6,0.90%,356,100%,16,4.50%,105,29.50%,69,19.40%,58,16.30%,44,12.40%,31,8.70%,22,6.20%,11,3.10%,682,100%,59,8.70%,190,27.90%,59,8.70%,122,17.90%,150,22.00%,60,8.80%,22,3.20%,20,2.90%,387,100%,340,87.90%,17,4.40%,3,0.80%,11,2.80%,0,0%,8,2.10%,8,2.10%,651,100%,445,68.40%,143,22.00%,14,2.20%,8,1.20%,0,0%,12,1.80%,29,4.50%,1038,100%,356,34.30%,199,19.20%,157,15.10%,1242,100%,446,35.90%,604,48.60%,192,15.50%,266,21.40%,360,29.00%,616,49.60%,4,0.30%,0,0%,5,0.40%,32,2.60%,104,8.40%,49,3.90%,81,6.50%,23,1.90%,37,3.00%,86,6.90%,20,1.60%,124,10.00%,50,4.00%,85,6.80%,128,10.30%,188,15.10%,39,3.10%,111,8.90%,51,4.10%,25,2.00%,1032,83.10%,129,10.40%,16,1.30%,39,3.10%,1,0.10%,25,2.00%,1172,94.40%,70,5.60%,90,7.20%,203,16.30%,235,18.90%,268,21.60%,620,49.90%,622,50.10%
Beltrami,Minneapolis,979,100%,596,60.90%,439,44.80%,152,15.60%,42,4.30%,53,5.40%,77,7.90%,59,6.00%,161,16.50%,417,100%,54,12.90%,363,87.10%,977,100%,1.8,100%,468,47.90%,175,100%,42,23.90%,1.8,100%,0,0%,188,100%,65,34.40%,1.8,100%,175,100%,146,83.40%,29,16.60%,363,100%,175,100%,44,25.40%,66,37.90%,28,16.00%,13,7.60%,10,5.50%,3,1.50%,11,6.10%,188,100%,53,28.20%,45,23.80%,45,24.10%,20,10.80%,11,6.00%,6,3.30%,7,3.80%,200,100%,13,6.40%,53,26.30%,47,23.50%,50,25%,22,11.00%,10,4.80%,4,2.00%,2,1.00%,163,100%,26,15.60%,46,28.10%,30,18.10%,29,17.80%,20,12.50%,5,3.10%,6,3.40%,2,1.20%,175,100%,141,80.50%,9,5.20%,3,1.70%,6,3.50%,0,0%,7,3.80%,9,5.20%,188,100%,124,65.90%,32,17.10%,9,4.90%,8,4.30%,0,0%,7,3.50%,8,4.30%,363,100%,200,55.10%,99,27.20%,101,27.80%,634,100%,244,38.40%,313,49.30%,78,12.30%,155,24.40%,230,36.20%,250,39.50%,1,0.10%,0,0%,1,0.20%,14,2.20%,45,7.20%,16,2.60%,55,8.70%,10,1.60%,22,3.50%,36,5.60%,11,1.80%,55,8.70%,24,3.80%,49,7.80%,62,9.70%,102,16.10%,13,2.10%,80,12.60%,24,3.90%,13,2.10%,493,77.70%,66,10.40%,13,2.00%,39,6.10%,0,0%,24,3.80%,565,89.10%,69,10.90%,47,7.50%,95,15.00%,128,20.20%,120,18.90%,335,52.80%,299,47.20%
McKinley,Minneapolis,3753,100%,1087,29.00%,2761,73.60%,1708,45.50%,63,1.70%,504,13.40%,171,4.60%,220,5.90%,300,8.00%,1418,100%,227,16.00%,1191,84.00%,3753,100%,2.8,100%,1799,47.90%,666,100%,207,31.00%,2.2,100%,0,0%,524,100%,323,61.70%,2.5,100%,666,100%,520,78.00%,147,22.00%,1191,100%,666,100%,223,33.50%,176,26.40%,102,15.30%,68,10.20%,36,5.50%,19,2.90%,41,6.20%,524,100%,93,17.80%,83,15.90%,102,19.50%,83,15.90%,52,9.90%,52,9.90%,58,11.10%,783,100%,33,4.20%,220,28.20%,216,27.50%,156,19.90%,105,13.50%,35,4.50%,15,2.00%,2,0.30%,408,100%,17,4.20%,63,15.50%,70,17.10%,101,24.70%,75,18.50%,40,9.70%,25,6.20%,17,4.20%,666,100%,421,63.10%,157,23.60%,6,0.90%,41,6.20%,0,0%,19,2.90%,22,3.30%,524,100%,97,18.50%,332,63.40%,12,2.30%,43,8.20%,0,0%,16,3.10%,24,4.50%,1191,100%,783,65.80%,310,26.00%,473,39.80%,1739,100%,576,33.10%,914,52.60%,249,14.30%,555,31.90%,739,42.50%,445,25.60%,3,0.20%,0,0%,1,0.00%,39,2.20%,169,9.70%,55,3.20%,178,10.20%,49,2.80%,25,1.40%,64,3.70%,20,1.20%,68,3.90%,40,2.30%,172,9.90%,94,5.40%,416,23.90%,32,1.90%,225,12.90%,49,2.80%,41,2.40%,681,39.10%,734,42.20%,24,1.40%,226,13.00%,0,0%,74,4.20%,1619,93.10%,120,6.90%,184,10.60%,311,17.90%,370,21.30%,297,17.10%,832,47.90%,907,52.10%
Hale,Minneapolis,3100,100%,2793,90.10%,348,11.20%,107,3.50%,6,0.20%,64,2.10%,31,1.00%,99,3.20%,91,2.90%,1323,100%,33,2.50%,1290,97.50%,3100,100%,2,100%,2739,88.30%,1122,100%,380,33.80%,2,100%,0,0%,168,100%,43,25.60%,2,100%,1122,100%,907,80.80%,216,19.20%,1290,100%,1122,100%,276,24.60%,407,36.20%,188,16.70%,192,17.10%,44,4.00%,12,1.10%,3,0.30%,168,100%,69,41.10%,55,32.90%,17,10.00%,17,10.00%,5,2.70%,2,0.90%,4,2.30%,840,100%,3,0.40%,147,17.50%,231,27.50%,186,22.10%,170,20.30%,64,7.60%,28,3.40%,11,1.30%,450,100%,15,3.40%,82,18.20%,78,17.40%,91,20.10%,117,25.90%,35,7.80%,20,4.40%,12,2.70%,1122,100%,1076,95.80%,21,1.80%,2,0.10%,11,1.00%,0,0%,3,0.30%,11,1.00%,168,100%,145,86.30%,15,8.70%,2,0.90%,0,0%,0,0%,4,2.30%,3,1.80%,1290,100%,840,65.10%,700,54.30%,140,10.80%,1822,100%,275,15.10%,1141,62.60%,407,22.30%,307,16.80%,316,17.30%,1199,65.80%,2,0.10%,1,0.00%,5,0.30%,54,2.90%,104,5.70%,114,6.20%,136,7.50%,51,2.80%,65,3.60%,160,8.80%,31,1.70%,191,10.50%,89,4.90%,77,4.20%,188,10.30%,263,14.40%,37,2.00%,115,6.30%,57,3.10%,83,4.50%,1672,91.70%,52,2.90%,8,0.50%,52,2.90%,1,0.00%,37,2.00%,1768,97.10%,54,2.90%,100,5.50%,320,17.60%,504,27.70%,624,34.20%,868,47.70%,954,52.30%
Regina,Minneapolis,1965,100%,1053,53.60%,964,49.10%,535,27.20%,25,1.30%,62,3.20%,183,9.30%,107,5.50%,249,12.70%,841,100%,48,5.70%,793,94.30%,1958,100%,2.3,100%,1544,78.80%,656,100%,160,24.40%,2,100%,0,0%,137,100%,58,41.90%,2.3,100%,656,100%,563,85.90%,93,14.10%,793,100%,656,100%,186,28.30%,261,39.80%,97,14.70%,66,10.00%,23,3.50%,13,2.00%,11,1.70%,137,100%,37,26.70%,33,23.70%,28,20.30%,12,8.90%,9,6.80%,10,7.20%,9,6.40%,454,100%,6,1.30%,108,23.80%,113,24.90%,77,16.90%,66,14.60%,45,10%,26,5.60%,13,2.80%,339,100%,10,2.90%,79,23.40%,68,19.90%,71,21.00%,60,17.70%,27,7.90%,19,5.50%,6,1.70%,656,100%,440,67.10%,157,24.00%,2,0.40%,14,2.10%,0,0%,19,2.80%,23,3.60%,137,100%,65,47.50%,50,36.00%,2,1.70%,3,2.50%,0,0%,13,9.30%,4,3.00%,793,100%,454,57.30%,282,35.50%,172,21.70%,1159,100%,280,24.20%,663,57.20%,216,18.60%,264,22.80%,306,26.40%,590,50.90%,1,0.10%,1,0.10%,6,0.50%,29,2.50%,59,5.10%,43,3.70%,83,7.20%,29,2.50%,41,3.50%,93,8.00%,10,0.90%,111,9.50%,55,4.80%,76,6.50%,110,9.50%,199,17.10%,19,1.70%,112,9.70%,42,3.60%,43,3.70%,855,73.80%,209,18.00%,9,0.80%,51,4.40%,1,0.10%,34,3.00%,1091,94.10%,69,5.90%,82,7.10%,209,18.00%,262,22.60%,326,28.10%,532,45.90%,627,54.10%
Northeast Park,Minneapolis,941,100%,573,60.90%,421,44.80%,147,15.60%,41,4.30%,50,5.40%,74,7.90%,56,6.00%,155,16.50%,400,100%,51,12.90%,349,87.10%,939,100%,1.8,100%,449,47.90%,168,100%,40,23.90%,2,100%,0,0%,181,100%,62,34.40%,1.6,100%,168,100%,140,83.40%,28,16.60%,349,100%,168,100%,43,25.40%,64,37.90%,27,16.00%,13,7.60%,9,5.50%,2,1.50%,10,6.10%,181,100%,51,28.20%,43,23.80%,44,24.10%,20,10.80%,11,6.00%,6,3.30%,7,3.80%,192,100%,12,6.40%,50,26.30%,45,23.50%,48,25%,21,11.00%,9,4.80%,4,2.00%,2,1.00%,157,100%,24,15.60%,44,28.10%,28,18.10%,28,17.80%,20,12.50%,5,3.10%,5,3.40%,2,1.20%,168,100%,135,80.50%,9,5.20%,3,1.70%,6,3.50%,0,0%,6,3.80%,9,5.20%,181,100%,119,65.90%,31,17.10%,9,4.90%,8,4.30%,0,0%,6,3.50%,8,4.30%,349,100%,192,55.10%,95,27.20%,97,27.80%,610,100%,234,38.40%,300,49.30%,75,12.30%,148,24.40%,220,36.20%,241,39.50%,0,0.10%,0,0%,1,0.20%,13,2.20%,44,7.20%,16,2.60%,53,8.70%,10,1.60%,21,3.50%,34,5.60%,11,1.80%,53,8.70%,23,3.80%,48,7.80%,59,9.70%,98,16.10%,13,2.10%,77,12.60%,24,3.90%,13,2.10%,474,77.70%,63,10.40%,12,2.00%,37,6.10%,0,0%,23,3.80%,543,89.10%,67,10.90%,46,7.50%,92,15.00%,123,20.20%,115,18.90%,322,52.80%,288,47.20%
Keewaydin,Minneapolis,3180,100%,2762,86.80%,486,15.30%,130,4.10%,56,1.70%,64,2.00%,74,2.30%,94,3.00%,166,5.20%,1473,100%,46,3.10%,1427,96.90%,3174,100%,2,100%,2747,86.50%,1244,100%,315,25.30%,2,100%,0,0%,183,100%,53,28.90%,2,100%,1244,100%,990,79.60%,254,20.40%,1427,100%,1244,100%,401,32.20%,461,37.00%,196,15.80%,131,10.50%,39,3.10%,9,0.70%,9,0.70%,183,100%,60,32.80%,63,34.40%,28,15.20%,16,9.00%,9,5.10%,3,1.60%,4,2.00%,799,100%,8,1.00%,160,20.10%,210,26.20%,159,19.90%,153,19.20%,61,7.60%,34,4.20%,15,1.90%,627,100%,15,2.40%,138,22.00%,98,15.70%,131,20.90%,117,18.60%,63,10.10%,38,6.00%,26,4.20%,1244,100%,1176,94.60%,20,1.60%,10,0.80%,14,1.10%,1,0.10%,9,0.70%,15,1.20%,183,100%,139,76.20%,16,9.00%,8,4.30%,4,2.00%,0,0%,9,4.70%,7,3.90%,1427,100%,799,56.00%,610,42.80%,189,13.20%,1801,100%,342,19.00%,1107,61.40%,352,19.60%,319,17.70%,373,20.70%,1109,61.60%,3,0.20%,0,0%,5,0.30%,40,2.20%,98,5.50%,77,4.30%,144,8.00%,55,3.00%,51,2.90%,144,8.00%,22,1.20%,180,10.00%,101,5.60%,109,6.10%,177,9.80%,265,14.70%,46,2.50%,130,7.20%,61,3.40%,93,5.20%,1596,88.60%,69,3.80%,18,1.00%,79,4.40%,0,0%,39,2.10%,1738,96.50%,63,3.50%,95,5.30%,316,17.50%,482,26.80%,566,31.40%,872,48.40%,929,51.60%
Columbia Park,Minneapolis,1832,100%,1419,77.50%,472,25.80%,158,8.60%,30,1.60%,66,3.60%,70,3.80%,88,4.80%,149,8.10%,866,100%,61,7.00%,805,93.00%,1802,100%,2.1,100%,1324,73.40%,594,100%,140,23.50%,2,100%,0,0%,211,100%,60,28.30%,1.9,100%,594,100%,468,78.90%,126,21.10%,805,100%,594,100%,202,34.10%,211,35.50%,92,15.40%,56,9.50%,18,3.00%,6,1.10%,9,1.40%,211,100%,93,44.00%,50,23.60%,28,13.40%,20,9.40%,11,5.00%,4,2.00%,6,2.60%,409,100%,9,2.30%,103,25.20%,100,24.50%,86,21.00%,59,14.50%,24,5.90%,18,4.30%,9,2.30%,396,100%,17,4.20%,80,20.30%,61,15.40%,83,21.00%,60,15.30%,30,7.60%,35,8.90%,29,7.30%,594,100%,544,91.60%,13,2.10%,3,0.60%,15,2.40%,0,0.00%,8,1.40%,11,1.80%,211,100%,148,70.10%,37,17.50%,7,3.30%,4,2.10%,0,0.10%,7,3.50%,7,3.50%,805,100%,409,50.90%,270,33.50%,140,17.30%,1092,100%,289,26.50%,620,56.80%,183,16.80%,228,20.90%,294,26.90%,570,52.20%,1,0.10%,0,0%,3,0.30%,36,3.30%,97,8.90%,45,4.10%,82,7.50%,29,2.70%,31,2.80%,66,6.00%,15,1.40%,99,9.10%,49,4.50%,56,5.10%,98,8.90%,174,15.90%,23,2.10%,98,9.00%,42,3.80%,48,4.40%,927,85.00%,79,7.20%,12,1.10%,45,4.10%,1,0.10%,28,2.60%,1034,94.70%,58,5.30%,65,6.00%,195,17.90%,255,23.40%,287,26.30%,529,48.50%,562,51.50%
Bryn-Mawr,Minneapolis,2651,100%,2419,91.20%,281,10.60%,56,2.10%,8,0.30%,81,3.10%,18,0.70%,69,2.60%,75,2.80%,1266,100%,45,3.60%,1221,96.40%,2594,100%,1.6,100%,2232,86.00%,1033,100%,250,24.20%,1.9,100%,0,0%,188,100%,25,13.30%,1.4,100%,1033,100%,793,76.80%,240,23.20%,1221,100%,1033,100%,315,30.50%,421,40.80%,157,15.20%,106,10.30%,26,2.50%,7,0.70%,1,0.10%,188,100%,75,39.90%,75,39.90%,27,14.40%,6,3.20%,2,1.10%,1,0.50%,2,1.10%,646,100%,3,0.50%,78,12.10%,169,26.20%,134,20.70%,164,25.40%,69,10.70%,23,3.60%,6,0.90%,575,100%,11,1.90%,91,15.80%,91,15.80%,145,25.20%,132,23.00%,58,10.10%,31,5.40%,16,2.80%,1033,100%,980,94.90%,11,1.10%,1,0.10%,26,2.50%,0,0%,2,0.20%,13,1.30%,188,100%,168,89.40%,10,5.30%,1,0.50%,3,1.60%,0,0%,2,1.10%,4,2.10%,1221,100%,646,52.90%,542,44.40%,104,8.50%,1605,100%,216,13.50%,943,58.80%,446,27.80%,254,15.80%,261,16.30%,1090,67.90%,0,0%,0,0%,3,0.20%,51,3.20%,118,7.40%,79,4.90%,102,6.40%,18,1.10%,51,3.20%,151,9.40%,38,2.40%,211,13.10%,95,5.90%,75,4.70%,155,9.70%,207,12.90%,36,2.20%,102,6.40%,46,2.90%,67,4.20%,1440,89.70%,65,4.00%,8,0.50%,56,3.50%,2,0.10%,34,2.10%,1554,96.80%,51,3.20%,84,5.20%,291,18.10%,432,26.90%,582,36.30%,833,51.90%,772,48.10%
Sumner-Glenwood,Minneapolis,1880,100%,299,15.90%,1704,90.60%,1255,66.80%,13,0.70%,107,5.70%,126,6.70%,80,4.30%,295,15.70%,766,100%,39,5.10%,727,94.90%,1880,100%,1.7,100%,233,12.40%,90,100%,28,31.20%,1.7,100%,0,0%,637,100%,305,48.00%,1.7,100%,90,100%,87,96.10%,4,3.90%,727,100%,90,100%,32,35.90%,28,30.50%,8,9.40%,8,9.40%,5,5.50%,5,5.50%,4,3.90%,637,100%,242,38.00%,136,21.40%,92,14.50%,69,10.90%,45,7.10%,27,4.20%,25,4.00%,406,100%,40,9.90%,169,41.50%,105,25.90%,43,10.60%,25,6.20%,19,4.70%,5,1.20%,0,0%,321,100%,40,12.30%,65,20.20%,43,13.40%,42,13.00%,49,15.20%,49,15.40%,23,7.30%,11,3.30%,90,100%,59,65.60%,20,21.90%,0,0%,8,8.60%,0,0%,1,1.60%,2,2.30%,637,100%,83,13.10%,462,72.50%,6,0.90%,38,6.00%,0,0%,29,4.50%,19,3.00%,727,100%,406,55.90%,148,20.40%,258,35.50%,805,100%,281,34.90%,437,54.30%,87,10.80%,293,36.40%,292,36.30%,220,27.30%,1,0.10%,0,0%,2,0.30%,9,1.10%,33,4.10%,23,2.90%,64,8.00%,42,5.30%,14,1.80%,35,4.30%,8,1.10%,46,5.70%,23,2.90%,73,9.00%,54,6.70%,246,30.50%,16,1.90%,87,10.80%,18,2.30%,11,1.40%,270,33.60%,478,59.30%,2,0.30%,32,4.00%,3,0.40%,20,2.50%,731,90.80%,74,9.20%,77,9.60%,143,17.70%,168,20.90%,137,17.00%,326,40.50%,479,59.50%
Logan Park,Minneapolis,1942,100%,1335,68.80%,708,36.40%,228,11.70%,73,3.80%,46,2.40%,139,7.20%,120,6.20%,293,15.10%,950,100%,68,7.10%,882,92.90%,1942,100%,1.6,100%,745,38.40%,311,100%,70,22.40%,2,100%,0,0%,571,100%,109,19.10%,1.6,100%,311,100%,252,80.90%,59,19.10%,882,100%,311,100%,88,28.40%,117,37.70%,50,16.00%,29,9.30%,14,4.40%,9,2.90%,4,1.30%,571,100%,258,45.20%,161,28.20%,84,14.60%,26,4.60%,18,3.10%,10,1.80%,14,2.40%,356,100%,17,4.70%,97,27.40%,86,24.10%,70,19.80%,51,14.40%,15,4.30%,12,3.30%,8,2.10%,527,100%,45,8.50%,137,26.10%,75,14.30%,88,16.60%,107,20.30%,46,8.80%,19,3.50%,10,1.80%,311,100%,282,90.70%,4,1.30%,5,1.60%,5,1.60%,0,0%,9,2.90%,6,2.00%,571,100%,388,68.00%,100,17.50%,20,3.50%,10,1.70%,1,0.10%,25,4.40%,28,4.80%,882,100%,356,40.30%,207,23.50%,148,16.80%,1150,100%,376,32.70%,595,51.70%,179,15.50%,258,22.40%,344,29.90%,548,47.70%,1,0.10%,1,0.10%,3,0.20%,28,2.50%,80,7.00%,43,3.70%,103,8.90%,23,2.00%,36,3.10%,70,6.10%,15,1.30%,107,9.30%,48,4.20%,67,5.80%,102,8.90%,175,15.20%,32,2.80%,124,10.80%,48,4.10%,44,3.80%,967,84.10%,96,8.30%,21,1.80%,34,2.90%,0,0%,32,2.80%,1071,93.10%,79,6.90%,78,6.80%,184,16.00%,248,21.50%,264,22.90%,588,51.10%,563,48.90%
Kenwood,Minneapolis,900,100%,818,90.90%,100,11.10%,16,1.70%,4,0.40%,35,3.80%,6,0.70%,22,2.40%,27,3.00%,508,100%,57,11.20%,451,88.80%,870,100%,1.3,100%,581,66.80%,255,100%,71,27.90%,2,100%,0,0%,196,100%,14,6.90%,1,100%,255,100%,181,71.10%,74,28.90%,451,100%,255,100%,71,27.90%,106,41.50%,30,11.80%,35,13.70%,12,4.50%,1,0.60%,0,0.10%,196,100%,127,64.50%,53,27.20%,11,5.60%,5,2.30%,1,0.30%,0,0.10%,0,0%,206,100%,2,1.00%,17,8.20%,42,20.20%,51,24.60%,52,25.20%,26,12.70%,13,6.40%,4,1.70%,245,100%,20,8.00%,76,31.00%,36,14.70%,38,15.50%,36,14.60%,17,7.10%,11,4.50%,12,4.70%,255,100%,241,94.60%,3,1.20%,1,0.60%,6,2.50%,0,0%,0,0.10%,3,1.10%,196,100%,175,89.00%,4,1.80%,0,0.20%,12,6.10%,0,0%,2,1.10%,4,1.90%,451,100%,206,45.70%,178,39.50%,28,6.20%,435,100%,107,24.60%,220,50.60%,107,24.70%,65,14.90%,72,16.60%,298,68.60%,0,0.10%,0,0%,1,0.10%,10,2.40%,22,5.10%,20,4.50%,25,5.70%,7,1.50%,13,2.90%,43,9.90%,8,1.90%,61,14.10%,27,6.30%,23,5.20%,48,11.10%,64,14.60%,12,2.80%,24,5.50%,15,3.50%,12,2.80%,393,90.50%,13,3.10%,1,0.30%,19,4.40%,1,0.10%,7,1.60%,421,97.00%,13,3.00%,22,5.00%,66,15.30%,98,22.60%,141,32.50%,225,51.90%,209,48.10%
Bottineau,Minneapolis,1669,100%,867,51.90%,862,51.60%,511,30.60%,38,2.30%,51,3.10%,124,7.50%,77,4.60%,221,13.20%,778,100%,95,12.20%,683,87.80%,1669,100%,2,100%,630,37.80%,289,100%,57,19.80%,2,100%,0,0%,394,100%,154,39.10%,1.7,100%,289,100%,219,75.70%,70,24.30%,683,100%,289,100%,111,38.40%,95,32.90%,41,14.40%,21,7.40%,9,3.00%,6,2.20%,5,1.70%,394,100%,129,32.80%,100,25.40%,66,16.80%,42,10.70%,30,7.60%,11,2.70%,16,4.00%,340,100%,14,4.20%,104,30.50%,103,30.30%,53,15.50%,36,10.70%,19,5.50%,9,2.50%,3,0.80%,343,100%,31,9.00%,101,29.60%,57,16.70%,67,19.60%,38,11.00%,17,5%,23,6.70%,9,2.50%,289,100%,255,88.40%,6,2.20%,3,1.00%,9,3.00%,0,0%,10,3.50%,6,2.00%,394,100%,202,51.10%,144,36.40%,9,2.20%,4,0.90%,0,0%,21,5.40%,16,4.00%,683,100%,340,49.80%,182,26.60%,159,23.20%,913,100%,326,35.70%,484,53.00%,103,11.30%,257,28.10%,302,33.10%,354,38.80%,1,0.20%,0,0%,4,0.50%,24,2.70%,81,8.80%,29,3.20%,77,8.50%,34,3.70%,13,1.40%,45,4.90%,14,1.60%,71,7.80%,29,3.10%,64,7.00%,74,8.10%,173,19.00%,27,3.00%,104,11.40%,30,3.30%,19,2.00%,680,74.50%,169,18.60%,13,1.40%,31,3.40%,4,0.40%,15,1.60%,839,91.90%,74,8.10%,76,8.40%,146,16.10%,186,20.40%,178,19.50%,425,46.60%,487,53.40%
West Calhoun,Minneapolis,2565,100%,2314,90.20%,296,11.50%,62,2.40%,8,0.30%,93,3.60%,26,1.00%,62,2.40%,76,3.00%,1652,100%,185,11.20%,1467,88.80%,2560,100%,1,100%,1402,54.80%,670,100%,158,23.60%,2,100%,0,0%,797,100%,38,4.70%,1,100%,670,100%,523,78.10%,147,21.90%,1467,100%,670,100%,264,39.40%,229,34.20%,73,10.90%,67,10.10%,30,4.50%,4,0.60%,2,0.40%,797,100%,512,64.20%,227,28.50%,43,5.40%,12,1.50%,2,0.30%,0,0%,0,0%,464,100%,10,2.10%,78,16.80%,100,21.50%,112,24.10%,92,19.80%,43,9.20%,22,4.70%,8,1.80%,1003,100%,111,11.10%,383,38.20%,130,12.90%,122,12.20%,140,14.00%,53,5.30%,44,4.40%,20,2.00%,670,100%,637,95.20%,7,1.10%,1,0.10%,18,2.70%,0,0%,1,0.10%,6,0.90%,797,100%,713,89.40%,28,3.50%,2,0.20%,31,3.90%,0,0%,11,1.30%,13,1.70%,1467,100%,464,31.70%,375,25.60%,89,6.10%,1543,100%,514,33.30%,749,48.50%,280,18.20%,234,15.20%,297,19.20%,1013,65.60%,2,0.10%,0,0%,2,0.20%,25,1.60%,93,6.00%,69,4.50%,101,6.50%,32,2.10%,53,3.50%,162,10.50%,31,2.00%,219,14.20%,94,6.10%,73,4.70%,151,9.80%,191,12.30%,33,2.20%,124,8.10%,58,3.80%,30,1.90%,1385,89.80%,47,3.10%,5,0.30%,77,5.00%,0,0%,29,1.90%,1496,96.90%,47,3.10%,66,4.30%,209,13.50%,334,21.70%,420,27.20%,764,49.50%,779,50.50%
Nicollet Island-East Bank,Minneapolis,1567,100%,1328,84.70%,274,17.50%,90,5.80%,9,0.60%,68,4.30%,30,1.90%,42,2.70%,72,4.60%,1030,100%,99,9.60%,931,90.40%,1562,100%,1,100%,980,62.80%,574,100%,43,7.50%,1.3,100%,0,0%,356,100%,32,9.10%,1,100%,574,100%,441,76.80%,133,23.20%,931,100%,574,100%,254,44.20%,267,46.50%,34,5.90%,11,2.00%,4,0.70%,5,0.80%,0,0%,356,100%,207,58.20%,104,29.30%,28,7.80%,9,2.50%,3,0.80%,2,0.60%,2,0.60%,332,100%,6,1.80%,60,18.10%,53,16.10%,49,14.70%,93,28.10%,51,15.40%,16,4.80%,3,0.90%,599,100%,34,5.60%,180,30.10%,103,17.20%,89,14.90%,126,21.00%,45,7.50%,15,2.50%,7,1.10%,574,100%,526,91.50%,9,1.60%,1,0.10%,29,5.10%,0,0%,1,0.10%,9,1.60%,356,100%,294,82.50%,34,9.50%,4,1.10%,8,2.10%,1,0.20%,6,1.70%,11,3.00%,931,100%,332,35.60%,275,29.60%,56,6.10%,1040,100%,298,28.70%,492,47.30%,250,24.10%,191,18.40%,195,18.70%,655,62.90%,0,0%,2,0.10%,4,0.40%,29,2.70%,62,6.00%,44,4.20%,72,6.90%,21,2.00%,26,2.50%,90,8.70%,15,1.40%,160,15.40%,60,5.80%,48,4.60%,102,9.80%,118,11.30%,29,2.80%,92,8.90%,35,3.30%,31,3.00%,925,88.90%,39,3.80%,5,0.40%,53,5.10%,0,0%,18,1.70%,985,94.70%,56,5.30%,52,5.00%,150,14.50%,235,22.60%,304,29.30%,535,51.40%,505,48.60%
Mid-City Industrial,Minneapolis,3303,100%,2375,71.90%,990,30.00%,217,6.60%,25,0.80%,553,16.80%,33,1.00%,99,3.00%,110,3.30%,1578,100%,97,6.20%,1481,93.80%,3300,100%,2,100%,1360,41.20%,648,100%,124,19.20%,2,100%,0,0%,834,100%,169,20.30%,2,100%,648,100%,435,67.20%,212,32.80%,1481,100%,648,100%,253,39.10%,217,33.60%,82,12.70%,65,10.00%,18,2.70%,9,1.40%,3,0.50%,834,100%,268,32.20%,276,33.20%,131,15.70%,95,11.50%,41,4.90%,17,2.10%,5,0.60%,654,100%,42,6.40%,194,29.70%,140,21.40%,94,14.40%,87,13.30%,50,7.60%,33,5.00%,14,2.10%,827,100%,234,28.30%,226,27.30%,78,9.40%,106,12.80%,89,10.70%,57,6.90%,26,3.20%,12,1.40%,648,100%,602,93.00%,8,1.30%,2,0.40%,26,4.00%,0,0%,2,0.40%,6,1.00%,834,100%,539,64.70%,75,9.00%,6,0.80%,187,22.40%,1,0.10%,7,0.80%,18,2.10%,1481,100%,654,44.10%,512,34.50%,142,9.60%,1745,100%,675,38.70%,808,46.30%,262,15.00%,441,25.30%,550,31.50%,754,43.20%,2,0.10%,0,0%,10,0.50%,40,2.30%,109,6.30%,68,3.90%,144,8.30%,51,2.90%,37,2.10%,84,4.80%,28,1.60%,113,6.50%,69,3.90%,96,5.50%,305,17.50%,289,16.60%,29,1.60%,149,8.50%,56,3.20%,67,3.80%,1300,74.50%,165,9.50%,16,0.90%,216,12.40%,0,0.00%,46,2.70%,1639,94.00%,105,6.00%,104,5.90%,244,14.00%,330,18.90%,392,22.50%,945,54.20%,800,45.80%
East Phillips,Minneapolis,4269,100%,1193,27.90%,3560,83.40%,889,20.80%,938,22.00%,135,3.20%,849,19.90%,265,6.20%,1621,38.00%,1284,100%,143,11.10%,1141,88.90%,4108,100%,2.3,100%,1284,31.30%,355,100%,143,40.30%,2.5,100%,0,0%,786,100%,447,56.90%,2.5,100%,355,100%,299,84.20%,56,15.80%,1141,100%,355,100%,81,22.80%,80,22.50%,46,13.00%,43,12.10%,34,9.60%,23,6.50%,48,13.50%,786,100%,155,19.70%,161,20.50%,130,16.50%,110,14.00%,85,10.80%,53,6.70%,92,11.70%,780,100%,70,9.00%,272,34.90%,204,26.20%,118,15.10%,71,9.10%,29,3.70%,13,1.70%,3,0.40%,361,100%,41,11.40%,104,28.80%,48,13.30%,70,19.40%,55,15.20%,33,9.10%,8,2.20%,2,0.60%,355,100%,208,58.60%,61,17.20%,18,5.10%,15,4.20%,1,0.30%,35,9.90%,17,4.80%,786,100%,200,25.40%,171,21.80%,220,28.00%,22,2.80%,0,0%,133,16.90%,40,5.10%,1141,100%,780,68.40%,329,28.80%,451,39.50%,1571,100%,517,32.90%,824,52.50%,230,14.60%,491,31.30%,708,45.10%,372,23.70%,8,0.50%,0,0%,4,0.30%,30,1.90%,94,6.00%,48,3.10%,139,8.80%,65,4.10%,20,1.30%,51,3.20%,21,1.30%,58,3.70%,35,2.20%,188,12.00%,104,6.60%,340,21.60%,39,2.50%,212,13.50%,60,3.80%,55,3.50%,823,52.40%,464,29.50%,129,8.20%,117,7.40%,3,0.20%,35,2.20%,1258,80.10%,313,19.90%,173,11.00%,280,17.80%,336,21.40%,265,16.90%,815,51.90%,756,48.10%
Harrison,Minneapolis,3211,100%,1027,32.00%,2283,71.10%,1287,40.10%,50,1.60%,557,17.30%,142,4.40%,148,4.60%,293,9.10%,1340,100%,138,10.30%,1202,89.70%,3111,100%,1.7,100%,1000,32.10%,377,100%,108,28.60%,1.8,100%,0,0%,825,100%,336,40.70%,1.3,100%,377,100%,314,83.30%,63,16.70%,1202,100%,377,100%,127,33.70%,105,27.90%,50,13.30%,40,10.60%,26,6.90%,9,2.40%,20,5.30%,825,100%,270,32.70%,237,28.70%,131,15.90%,91,11.00%,40,4.80%,25,3.00%,31,3.80%,627,100%,59,9.40%,194,30.90%,140,22.30%,119,19.00%,70,11.20%,35,5.60%,7,1.10%,3,0.50%,575,100%,46,8%,133,23.10%,125,21.70%,133,23.10%,78,13.60%,38,6.60%,19,3.30%,3,0.50%,377,100%,248,65.80%,68,18.00%,4,1.10%,30,8.00%,2,0.50%,15,4.00%,10,2.70%,825,100%,239,29.00%,408,49.50%,10,1.20%,116,14.10%,0,0%,11,1.30%,41,5.00%,1202,100%,627,52.20%,243,20.20%,384,31.90%,1588,100%,479,30.20%,869,54.70%,240,15.10%,454,28.60%,669,42.10%,465,29.30%,3,0.20%,0,0%,3,0.20%,31,2.00%,128,8.10%,56,3.50%,120,7.60%,46,2.90%,26,1.60%,70,4.40%,26,1.60%,103,6.50%,34,2.10%,118,7.40%,118,7.40%,350,22.00%,46,2.90%,214,13.50%,67,4.20%,29,1.80%,863,54.30%,516,32.50%,23,1.40%,128,8.10%,5,0.30%,53,3.30%,1502,94.60%,86,5.40%,142,8.90%,285,17.90%,376,23.70%,306,19.30%,771,48.60%,817,51.40%
Page,Minneapolis,1727,100%,1456,84.30%,296,17.10%,131,7.60%,12,0.70%,40,2.30%,16,0.90%,72,4.20%,47,2.70%,748,100%,31,4.10%,717,95.90%,1723,100%,2,100%,1542,89.50%,627,100%,211,33.60%,2,100%,0,0%,90,100%,22,24.80%,1.8,100%,627,100%,517,82.50%,110,17.50%,717,100%,627,100%,147,23.40%,227,36.30%,122,19.50%,93,14.90%,31,4.90%,4,0.60%,3,0.50%,90,100%,38,42.70%,29,32.50%,14,15.30%,5,5.10%,1,1.30%,1,1.30%,2,1.90%,461,100%,2,0.50%,69,14.90%,113,24.60%,125,27.10%,91,19.80%,32,7.00%,19,4.20%,9,1.90%,257,100%,7,2.70%,41,15.80%,50,19.40%,56,21.90%,59,23.00%,26,10.00%,10,4.00%,8,3.10%,627,100%,561,89.50%,43,6.80%,3,0.50%,10,1.60%,0,0%,1,0.20%,9,1.40%,90,100%,66,73.20%,15,17.20%,1,1.30%,2,1.90%,0,0%,2,2.50%,3,3.80%,717,100%,461,64.20%,374,52.20%,87,12.10%,1052,100%,175,16.70%,646,61.40%,231,22.00%,169,16.10%,184,17.50%,699,66.40%,2,0.20%,0,0%,6,0.50%,23,2.20%,58,5.50%,57,5.40%,84,8.00%,29,2.80%,30,2.90%,96,9.10%,21,2.00%,117,11.20%,62,5.90%,50,4.80%,118,11.20%,148,14.00%,18,1.70%,61,5.80%,29,2.70%,42,4.00%,921,87.50%,70,6.70%,2,0.20%,32,3.00%,0,0%,27,2.60%,1029,97.80%,23,2.20%,53,5.10%,195,18.50%,278,26.40%,351,33.40%,522,49.60%,531,50.40%
Field,Minneapolis,2696,100%,1840,68.30%,912,33.80%,481,17.80%,27,1.00%,75,2.80%,143,5.30%,131,4.80%,214,7.90%,1161,100%,57,4.90%,1104,95.10%,2689,100%,2,100%,2256,83.90%,938,100%,272,29.00%,2,100%,0,0%,166,100%,58,35.00%,2,100%,938,100%,790,84.20%,148,15.80%,1104,100%,938,100%,243,25.90%,357,38.00%,160,17.10%,117,12.50%,39,4.20%,12,1.30%,10,1.10%,166,100%,55,33.20%,45,27.30%,30,18.30%,12,7.40%,8,4.60%,8,4.80%,8,4.60%,669,100%,6,0.90%,129,19.30%,166,24.70%,148,22.20%,116,17.30%,56,8.40%,33,4.90%,16,2.30%,434,100%,12,2.80%,87,20.10%,86,19.70%,93,21.40%,87,20.00%,38,8.80%,21,4.80%,10,2.30%,938,100%,734,78.30%,145,15.40%,4,0.50%,17,1.80%,0,0%,14,1.50%,23,2.50%,166,100%,96,57.90%,47,28.40%,3,1.50%,4,2.30%,0,0%,11,6.60%,5,3.30%,1104,100%,669,60.60%,481,43.60%,188,17.00%,1616,100%,332,20.50%,957,59.20%,327,20.30%,315,19.50%,357,22.10%,944,58.40%,2,0.10%,0,0.00%,8,0.50%,38,2.30%,86,5.30%,73,4.50%,123,7.60%,42,2.60%,52,3.20%,138,8.50%,22,1.40%,167,10.30%,86,5.30%,92,5.70%,167,10.30%,253,15.60%,27,1.70%,126,7.80%,51,3.20%,63,3.90%,1300,80.40%,202,12.50%,8,0.50%,61,3.80%,0,0.00%,45,2.80%,1549,95.90%,67,4.10%,99,6.10%,295,18.30%,395,24.40%,496,30.70%,771,47.70%,845,52.30%
St. Anthony West,Minneapolis,1985,100%,1634,82.30%,395,19.90%,125,6.30%,17,0.90%,73,3.70%,60,3.00%,76,3.80%,122,6.10%,1096,100%,102,9.30%,994,90.70%,1838,100%,1.4,100%,847,46.10%,413,100%,64,15.50%,1.8,100%,0,0%,582,100%,48,8.20%,1.4,100%,413,100%,308,74.60%,105,25.40%,994,100%,413,100%,149,36.10%,166,40.30%,48,11.70%,33,7.90%,10,2.50%,6,1.60%,0,0%,582,100%,310,53.20%,193,33.10%,51,8.80%,17,2.90%,5,0.90%,3,0.50%,4,0.60%,346,100%,15,4.30%,82,23.60%,58,16.60%,55,15.90%,73,21.00%,34,9.80%,18,5.30%,12,3.50%,648,100%,63,9.80%,188,29.00%,85,13.10%,94,14.40%,95,14.70%,46,7.10%,28,4.30%,49,7.60%,413,100%,374,90.80%,9,2.20%,1,0.30%,19,4.50%,0,0%,2,0.50%,7,1.70%,582,100%,479,82.40%,54,9.30%,5,0.90%,10,1.80%,0,0.00%,12,2.10%,20,3.50%,994,100%,346,34.80%,256,25.70%,91,9.10%,1244,100%,413,33.20%,604,48.60%,227,18.20%,266,21.40%,316,25.40%,661,53.20%,2,0.20%,0,0.00%,4,0.30%,38,3.10%,93,7.40%,51,4.10%,92,7.40%,23,1.80%,37,3.00%,96,7.70%,14,1.10%,152,12.20%,63,5.10%,66,5.30%,128,10.30%,157,12.60%,35,2.80%,128,10.30%,29,2.40%,36,2.90%,1072,86.20%,69,5.50%,9,0.80%,68,5.40%,3,0.20%,23,1.80%,1161,93.40%,82,6.60%,59,4.80%,182,14.60%,272,21.80%,319,25.60%,641,51.50%,603,48.50%
Bryant,Minneapolis,2867,100%,977,34.10%,2166,75.60%,924,32.20%,66,2.30%,88,3.10%,642,22.40%,170,5.90%,1006,35.10%,994,100%,95,9.50%,899,90.50%,2846,100%,2.4,100%,1530,53.80%,529,100%,180,33.90%,2.1,100%,0,0%,370,100%,208,56.20%,2.5,100%,529,100%,452,85.50%,77,14.50%,899,100%,529,100%,136,25.80%,165,31.10%,82,15.50%,59,11.10%,32,6.00%,24,4.50%,32,6.10%,370,100%,81,21.90%,66,17.80%,58,15.60%,55,14.90%,47,12.70%,28,7.50%,35,9.50%,569,100%,20,3.40%,175,30.80%,153,26.90%,96,16.90%,64,11.20%,37,6.60%,15,2.70%,9,1.60%,330,100%,20,6.00%,79,24.00%,59,17.90%,55,16.70%,59,18.00%,27,8.20%,22,6.50%,9,2.70%,529,100%,271,51.20%,171,32.40%,6,1.10%,19,3.50%,0,0%,40,7.60%,22,4.20%,370,100%,123,33.30%,132,35.70%,12,3.20%,6,1.50%,0,0.10%,84,22.60%,13,3.50%,899,100%,569,63.30%,287,31.90%,282,31.40%,1493,100%,423,28.30%,883,59.20%,187,12.50%,381,25.50%,546,36.60%,566,37.90%,8,0.60%,0,0%,4,0.30%,44,2.90%,84,5.60%,53,3.60%,116,7.80%,55,3.70%,28,1.90%,76,5.10%,20,1.40%,100,6.70%,52,3.50%,118,7.90%,122,8.20%,286,19.20%,29,2.00%,187,12.50%,65,4.40%,44,2.90%,955,64.00%,387,25.90%,13,0.90%,86,5.70%,1,0.10%,50,3.40%,1290,86.40%,203,13.60%,136,9.10%,262,17.60%,327,21.90%,345,23.10%,713,47.80%,779,52.20%
